This file contains any messages produced by compilers while
running configure, to aid debugging if configure makes a mistake.

It was created by frr configure 10.6-dev, which was
generated by GNU Autoconf 2.71.  Invocation command line was

  $ /home/user/frr/configure --enable-clippy-only

## --------- ##
## Platform. ##
## --------- ##

hostname = runsc
uname -m = x86_64
uname -r = 4.4.0
uname -s = Linux
uname -v = #1 SMP Sun Jan 10 15:06:54 PST 2016

/usr/bin/uname -p = x86_64
/bin/uname -X     = unknown

/bin/arch              = x86_64
/usr/bin/arch -k       = unknown
/usr/convex/getsysinfo = unknown
/usr/bin/hostinfo      = unknown
/bin/machine           = unknown
/usr/bin/oslevel       = unknown
/bin/universe          = unknown

PATH: /root/.local/bin/
PATH: /root/.cargo/bin/
PATH: /usr/local/go/bin/
PATH: /opt/node22/bin/
PATH: /opt/maven/bin/
PATH: /opt/gradle/bin/
PATH: /opt/rbenv/bin/
PATH: /usr/local/sbin/
PATH: /usr/local/bin/
PATH: /usr/sbin/
PATH: /usr/bin/
PATH: /sbin/
PATH: /bin/


## ----------- ##
## Core tests. ##
## ----------- ##

configure:3713: looking for aux files: ltmain.sh compile missing install-sh config.guess config.sub
configure:3726:  trying /home/user/frr/m4/ac/
configure:3755:   /home/user/frr/m4/ac/ltmain.sh found
configure:3755:   /home/user/frr/m4/ac/compile found
configure:3755:   /home/user/frr/m4/ac/missing found
configure:3737:   /home/user/frr/m4/ac/install-sh found
configure:3755:   /home/user/frr/m4/ac/config.guess found
configure:3755:   /home/user/frr/m4/ac/config.sub found
configure:3881: checking whether --sysconfdir option is FRR-specific
configure:3893: result: no, as expected
configure:3900: checking whether --localstatedir option is FRR-specific
configure:3920: result: no, as expected
configure:3954: checking build system type
configure:3969: result: x86_64-pc-linux-gnu
configure:3989: checking host system type
configure:4003: result: x86_64-pc-linux-gnu
configure:4144: checking for a BSD-compatible install
configure:4217: result: /usr/bin/install -c
configure:4228: checking whether build environment is sane
configure:4283: result: yes
configure:4442: checking for a race-free mkdir -p
configure:4486: result: /usr/bin/mkdir -p
configure:4493: checking for gawk
configure:4528: result: no
configure:4493: checking for mawk
configure:4514: found /usr/bin/mawk
configure:4525: result: mawk
configure:4536: checking whether make sets $(MAKE)
configure:4559: result: yes
configure:4589: checking whether make supports nested variables
configure:4607: result: yes
configure:4756: checking whether make supports nested variables
configure:4774: result: yes
configure:4790: checking for perl
configure:4813: found /usr/bin/perl
configure:4825: result: /usr/bin/perl
configure:4892: checking for pkg-config
configure:4915: found /usr/bin/pkg-config
configure:4927: result: /usr/bin/pkg-config
configure:4952: checking pkg-config is at least version 0.9.0
configure:4955: result: yes
configure:5133: checking for gcc
configure:5154: found /usr/bin/gcc
configure:5165: result: gcc
configure:5518: checking for C compiler version
configure:5527: gcc --version >&5
gcc (Ubuntu 13.3.0-6ubuntu2~24.04) 13.3.0
Copyright (C) 2023 Free Software Foundation, Inc.
This is free software; see the source for copying conditions.  There is NO
warranty; not even for MERCHANTABILITY or FITNESS FOR A PARTICULAR PURPOSE.

configure:5538: $? = 0
configure:5527: gcc -v >&5
Using built-in specs.
COLLECT_GCC=gcc
COLLECT_LTO_WRAPPER=/usr/libexec/gcc/x86_64-linux-gnu/13/lto-wrapper
OFFLOAD_TARGET_NAMES=nvptx-none:amdgcn-amdhsa
OFFLOAD_TARGET_DEFAULT=1
Target: x86_64-linux-gnu
Configured with: ../src/configure -v --with-pkgversion='Ubuntu 13.3.0-6ubuntu2~24.04' --with-bugurl=file:///usr/share/doc/gcc-13/README.Bugs --enable-languages=c,ada,c++,go,d,fortran,objc,obj-c++,m2 --prefix=/usr --with-gcc-major-version-only --program-suffix=-13 --program-prefix=x86_64-linux-gnu- --enable-shared --enable-linker-build-id --libexecdir=/usr/libexec --without-included-gettext --enable-threads=posix --libdir=/usr/lib --enable-nls --enable-bootstrap --enable-clocale=gnu --enable-libstdcxx-debug --enable-libstdcxx-time=yes --with-default-libstdcxx-abi=new --enable-libstdcxx-backtrace --enable-gnu-unique-object --disable-vtable-verify --enable-plugin --enable-default-pie --with-system-zlib --enable-libphobos-checking=release --with-target-system-zlib=auto --enable-objc-gc=auto --enable-multiarch --disable-werror --enable-cet --with-arch-32=i686 --with-abi=m64 --with-multilib-list=m32,m64,mx32 --enable-multilib --with-tune=generic --enable-offload-targets=nvptx-none=/build/gcc-13-fG75Ri/gcc-13-13.3.0/debian/tmp-nvptx/usr,amdgcn-amdhsa=/build/gcc-13-fG75Ri/gcc-13-13.3.0/debian/tmp-gcn/usr --enable-offload-defaulted --without-cuda-driver --enable-checking=release --build=x86_64-linux-gnu --host=x86_64-linux-gnu --target=x86_64-linux-gnu --with-build-config=bootstrap-lto-lean --enable-link-serialization=2
Thread model: posix
Supported LTO compression algorithms: zlib zstd
gcc version 13.3.0 (Ubuntu 13.3.0-6ubuntu2~24.04) 
... rest of stderr output deleted ...
configure:5538: $? = 0
configure:5527: gcc -V >&5
gcc: error: unrecognized command-line option '-V'
gcc: fatal error: no input files
compilation terminated.
configure:5538: $? = 1
configure:5527: gcc -qversion >&5
gcc: error: unrecognized command-line option '-qversion'; did you mean '--version'?
gcc: fatal error: no input files
compilation terminated.
configure:5538: $? = 1
configure:5527: gcc -version >&5
gcc: error: unrecognized command-line option '-version'
gcc: fatal error: no input files
compilation terminated.
configure:5538: $? = 1
configure:5558: checking whether the C compiler works
configure:5580: gcc  -I/root/.local/include -L/root/.local/lib conftest.c  >&5
configure:5584: $? = 0
configure:5634: result: yes
configure:5637: checking for C compiler default output file name
configure:5639: result: a.out
configure:5645: checking for suffix of executables
configure:5652: gcc -o conftest  -I/root/.local/include -L/root/.local/lib conftest.c  >&5
configure:5656: $? = 0
configure:5679: result: 
configure:5701: checking whether we are cross compiling
configure:5709: gcc -o conftest  -I/root/.local/include -L/root/.local/lib conftest.c  >&5
configure:5713: $? = 0
configure:5720: ./conftest
configure:5724: $? = 0
configure:5739: result: no
configure:5744: checking for suffix of object files
configure:5767: gcc -c  -I/root/.local/include conftest.c >&5
configure:5771: $? = 0
configure:5793: result: o
configure:5797: checking whether the compiler supports GNU C
configure:5817: gcc -c  -I/root/.local/include conftest.c >&5
configure:5817: $? = 0
configure:5827: result: yes
configure:5838: checking whether gcc accepts -g
configure:5859: gcc -c -g -I/root/.local/include conftest.c >&5
configure:5859: $? = 0
configure:5903: result: yes
configure:5923: checking for gcc option to enable C11 features
configure:5938: gcc  -c  -I/root/.local/include conftest.c >&5
configure:5938: $? = 0
configure:5956: result: none needed
configure:6072: checking whether gcc understands -c and -o together
configure:6095: gcc -c conftest.c -o conftest2.o
configure:6098: $? = 0
configure:6095: gcc -c conftest.c -o conftest2.o
configure:6098: $? = 0
configure:6110: result: yes
configure:6130: checking whether make supports the include directive
configure:6145: make -f confmf.GNU && cat confinc.out
this is the am__doit target
configure:6148: $? = 0
configure:6167: result: yes (GNU style)
configure:6193: checking dependency style of gcc
configure:6305: result: gcc3
configure:6325: checking how to run the C preprocessor
configure:6351: gcc -E -I/root/.local/include conftest.c
configure:6351: $? = 0
configure:6366: gcc -E -I/root/.local/include conftest.c
conftest.c:12:10: fatal error: ac_nonexistent.h: No such file or directory
   12 | #include <ac_nonexistent.h>
      |          ^~~~~~~~~~~~~~~~~~
compilation terminated.
configure:6366: $? = 1
configure: failed program was:
| /* confdefs.h */
| #define PACKAGE_NAME "frr"
| #define PACKAGE_TARNAME "frr"
| #define PACKAGE_VERSION "10.6-dev"
| #define PACKAGE_STRING "frr 10.6-dev"
| #define PACKAGE_BUGREPORT "https://github.com/frrouting/frr/issues"
| #define PACKAGE_URL ""
| #define PACKAGE "frr"
| #define VERSION "10.6-dev"
| #define VICI_SOCKET "/var/run/charon.vici"
| /* end confdefs.h.  */
| #include <ac_nonexistent.h>
configure:6393: result: gcc -E
configure:6407: gcc -E -I/root/.local/include conftest.c
configure:6407: $? = 0
configure:6422: gcc -E -I/root/.local/include conftest.c
conftest.c:12:10: fatal error: ac_nonexistent.h: No such file or directory
   12 | #include <ac_nonexistent.h>
      |          ^~~~~~~~~~~~~~~~~~
compilation terminated.
configure:6422: $? = 1
configure: failed program was:
| /* confdefs.h */
| #define PACKAGE_NAME "frr"
| #define PACKAGE_TARNAME "frr"
| #define PACKAGE_VERSION "10.6-dev"
| #define PACKAGE_STRING "frr 10.6-dev"
| #define PACKAGE_BUGREPORT "https://github.com/frrouting/frr/issues"
| #define PACKAGE_URL ""
| #define PACKAGE "frr"
| #define VERSION "10.6-dev"
| #define VICI_SOCKET "/var/run/charon.vici"
| /* end confdefs.h.  */
| #include <ac_nonexistent.h>
configure:6521: checking for g++
configure:6542: found /usr/bin/g++
configure:6553: result: g++
configure:6580: checking for C++ compiler version
configure:6589: g++ --version >&5
g++ (Ubuntu 13.3.0-6ubuntu2~24.04) 13.3.0
Copyright (C) 2023 Free Software Foundation, Inc.
This is free software; see the source for copying conditions.  There is NO
warranty; not even for MERCHANTABILITY or FITNESS FOR A PARTICULAR PURPOSE.

configure:6600: $? = 0
configure:6589: g++ -v >&5
Using built-in specs.
COLLECT_GCC=g++
COLLECT_LTO_WRAPPER=/usr/libexec/gcc/x86_64-linux-gnu/13/lto-wrapper
OFFLOAD_TARGET_NAMES=nvptx-none:amdgcn-amdhsa
OFFLOAD_TARGET_DEFAULT=1
Target: x86_64-linux-gnu
Configured with: ../src/configure -v --with-pkgversion='Ubuntu 13.3.0-6ubuntu2~24.04' --with-bugurl=file:///usr/share/doc/gcc-13/README.Bugs --enable-languages=c,ada,c++,go,d,fortran,objc,obj-c++,m2 --prefix=/usr --with-gcc-major-version-only --program-suffix=-13 --program-prefix=x86_64-linux-gnu- --enable-shared --enable-linker-build-id --libexecdir=/usr/libexec --without-included-gettext --enable-threads=posix --libdir=/usr/lib --enable-nls --enable-bootstrap --enable-clocale=gnu --enable-libstdcxx-debug --enable-libstdcxx-time=yes --with-default-libstdcxx-abi=new --enable-libstdcxx-backtrace --enable-gnu-unique-object --disable-vtable-verify --enable-plugin --enable-default-pie --with-system-zlib --enable-libphobos-checking=release --with-target-system-zlib=auto --enable-objc-gc=auto --enable-multiarch --disable-werror --enable-cet --with-arch-32=i686 --with-abi=m64 --with-multilib-list=m32,m64,mx32 --enable-multilib --with-tune=generic --enable-offload-targets=nvptx-none=/build/gcc-13-fG75Ri/gcc-13-13.3.0/debian/tmp-nvptx/usr,amdgcn-amdhsa=/build/gcc-13-fG75Ri/gcc-13-13.3.0/debian/tmp-gcn/usr --enable-offload-defaulted --without-cuda-driver --enable-checking=release --build=x86_64-linux-gnu --host=x86_64-linux-gnu --target=x86_64-linux-gnu --with-build-config=bootstrap-lto-lean --enable-link-serialization=2
Thread model: posix
Supported LTO compression algorithms: zlib zstd
gcc version 13.3.0 (Ubuntu 13.3.0-6ubuntu2~24.04) 
... rest of stderr output deleted ...
configure:6600: $? = 0
configure:6589: g++ -V >&5
g++: error: unrecognized command-line option '-V'
g++: fatal error: no input files
compilation terminated.
configure:6600: $? = 1
configure:6589: g++ -qversion >&5
g++: error: unrecognized command-line option '-qversion'; did you mean '--version'?
g++: fatal error: no input files
compilation terminated.
configure:6600: $? = 1
configure:6604: checking whether the compiler supports GNU C++
configure:6624: g++ -c  -I/root/.local/include conftest.cpp >&5
configure:6624: $? = 0
configure:6634: result: yes
configure:6645: checking whether g++ accepts -g
configure:6666: g++ -c -g -I/root/.local/include conftest.cpp >&5
configure:6666: $? = 0
configure:6710: result: yes
configure:6730: checking for g++ option to enable C++11 features
configure:6745: g++  -c -g -O2 -I/root/.local/include conftest.cpp >&5
conftest.cpp: In function 'int main(int, char**)':
conftest.cpp:178:25: warning: empty parentheses were disambiguated as a function declaration [-Wvexing-parse]
  178 |   cxx11test::delegate d2();
      |                         ^~
conftest.cpp:178:25: note: remove parentheses to default-initialize a variable
  178 |   cxx11test::delegate d2();
      |                         ^~
      |                         --
conftest.cpp:178:25: note: or replace parentheses with braces to value-initialize a variable
configure:6745: $? = 0
configure:6763: result: none needed
configure:6829: checking dependency style of g++
configure:6941: result: gcc3
configure:7023: checking for pkg-config
configure:7058: result: /usr/bin/pkg-config
configure:7083: checking pkg-config is at least version 0.9.0
configure:7086: result: yes
configure:7105: checking for stdio.h
configure:7105: gcc -c  -I/root/.local/include conftest.c >&5
configure:7105: $? = 0
configure:7105: result: yes
configure:7105: checking for stdlib.h
configure:7105: gcc -c  -I/root/.local/include conftest.c >&5
configure:7105: $? = 0
configure:7105: result: yes
configure:7105: checking for string.h
configure:7105: gcc -c  -I/root/.local/include conftest.c >&5
configure:7105: $? = 0
configure:7105: result: yes
configure:7105: checking for inttypes.h
configure:7105: gcc -c  -I/root/.local/include conftest.c >&5
configure:7105: $? = 0
configure:7105: result: yes
configure:7105: checking for stdint.h
configure:7105: gcc -c  -I/root/.local/include conftest.c >&5
configure:7105: $? = 0
configure:7105: result: yes
configure:7105: checking for strings.h
configure:7105: gcc -c  -I/root/.local/include conftest.c >&5
configure:7105: $? = 0
configure:7105: result: yes
configure:7105: checking for sys/stat.h
configure:7105: gcc -c  -I/root/.local/include conftest.c >&5
configure:7105: $? = 0
configure:7105: result: yes
configure:7105: checking for sys/types.h
configure:7105: gcc -c  -I/root/.local/include conftest.c >&5
configure:7105: $? = 0
configure:7105: result: yes
configure:7105: checking for unistd.h
configure:7105: gcc -c  -I/root/.local/include conftest.c >&5
configure:7105: $? = 0
configure:7105: result: yes
configure:7105: checking for wchar.h
configure:7105: gcc -c  -I/root/.local/include conftest.c >&5
configure:7105: $? = 0
configure:7105: result: yes
configure:7105: checking for minix/config.h
configure:7105: gcc -c  -I/root/.local/include conftest.c >&5
conftest.c:50:10: fatal error: minix/config.h: No such file or directory
   50 | #include <minix/config.h>
      |          ^~~~~~~~~~~~~~~~
compilation terminated.
configure:7105: $? = 1
configure: failed program was:
| /* confdefs.h */
| #define PACKAGE_NAME "frr"
| #define PACKAGE_TARNAME "frr"
| #define PACKAGE_VERSION "10.6-dev"
| #define PACKAGE_STRING "frr 10.6-dev"
| #define PACKAGE_BUGREPORT "https://github.com/frrouting/frr/issues"
| #define PACKAGE_URL ""
| #define PACKAGE "frr"
| #define VERSION "10.6-dev"
| #define VICI_SOCKET "/var/run/charon.vici"
| #define HAVE_STDIO_H 1
| #define HAVE_STDLIB_H 1
| #define HAVE_STRING_H 1
| #define HAVE_INTTYPES_H 1
| #define HAVE_STDINT_H 1
| #define HAVE_STRINGS_H 1
| #define HAVE_SYS_STAT_H 1
| #define HAVE_SYS_TYPES_H 1
| #define HAVE_UNISTD_H 1
| #define HAVE_WCHAR_H 1
| /* end confdefs.h.  */
| #include <stddef.h>
| #ifdef HAVE_STDIO_H
| # include <stdio.h>
| #endif
| #ifdef HAVE_STDLIB_H
| # include <stdlib.h>
| #endif
| #ifdef HAVE_STRING_H
| # include <string.h>
| #endif
| #ifdef HAVE_INTTYPES_H
| # include <inttypes.h>
| #endif
| #ifdef HAVE_STDINT_H
| # include <stdint.h>
| #endif
| #ifdef HAVE_STRINGS_H
| # include <strings.h>
| #endif
| #ifdef HAVE_SYS_TYPES_H
| # include <sys/types.h>
| #endif
| #ifdef HAVE_SYS_STAT_H
| # include <sys/stat.h>
| #endif
| #ifdef HAVE_UNISTD_H
| # include <unistd.h>
| #endif
| #include <minix/config.h>
configure:7105: result: no
configure:7136: checking whether it is safe to define __EXTENSIONS__
configure:7155: gcc -c  -I/root/.local/include conftest.c >&5
configure:7155: $? = 0
configure:7163: result: yes
configure:7166: checking whether _XOPEN_SOURCE should be defined
configure:7188: gcc -c  -I/root/.local/include conftest.c >&5
configure:7188: $? = 0
configure:7215: result: no
configure:9459: checking whether gcc supports -g
configure:9490: gcc -c  -g -I/root/.local/include conftest.c >&5
configure:9490: $? = 0
configure:9510: result: yes
configure:9522: checking whether gcc supports -O2
configure:9553: gcc -c  -g -O2 -I/root/.local/include conftest.c >&5
configure:9553: $? = 0
configure:9573: result: yes
configure:9601: checking whether gcc supports -fms-extensions
configure:9632: gcc -c  -g -O2 -fms-extensions -I/root/.local/include conftest.c >&5
configure:9632: $? = 0
configure:9652: result: yes
configure:9666: checking whether gcc supports -fno-omit-frame-pointer
configure:9697: gcc -c  -g -O2 -fno-omit-frame-pointer -I/root/.local/include conftest.c >&5
configure:9697: $? = 0
configure:9717: result: yes
configure:9729: checking whether gcc supports -funwind-tables
configure:9760: gcc -c  -g -O2 -funwind-tables -I/root/.local/include conftest.c >&5
configure:9760: $? = 0
configure:9780: result: yes
configure:9792: checking whether gcc supports -Wall
configure:9823: gcc -c  -g -O2 -Wall -I/root/.local/include conftest.c >&5
configure:9823: $? = 0
configure:9843: result: yes
configure:9855: checking whether gcc supports -Wextra
configure:9886: gcc -c  -g -O2 -Wextra -I/root/.local/include conftest.c >&5
configure:9886: $? = 0
configure:9906: result: yes
configure:9918: checking whether gcc supports -Wformat-nonliteral
configure:9949: gcc -c  -g -O2 -Wformat-nonliteral -I/root/.local/include conftest.c >&5
configure:9949: $? = 0
configure:9969: result: yes
configure:9981: checking whether gcc supports -Wformat-security
configure:10012: gcc -c  -g -O2 -Wformat-security -I/root/.local/include conftest.c >&5
configure:10012: $? = 0
configure:10032: result: yes
configure:10044: checking whether gcc supports -Wswitch-enum
configure:10075: gcc -c  -g -O2 -Wswitch-enum -I/root/.local/include conftest.c >&5
configure:10075: $? = 0
configure:10095: result: yes
configure:10107: checking whether gcc supports -Wstrict-prototypes
configure:10138: gcc -c  -g -O2 -Wstrict-prototypes -I/root/.local/include conftest.c >&5
configure:10138: $? = 0
configure:10158: result: yes
configure:10170: checking whether gcc supports -Wmissing-prototypes
configure:10201: gcc -c  -g -O2 -Wmissing-prototypes -I/root/.local/include conftest.c >&5
configure:10201: $? = 0
configure:10221: result: yes
configure:10233: checking whether gcc supports -Wmissing-declarations
configure:10264: gcc -c  -g -O2 -Wmissing-declarations -I/root/.local/include conftest.c >&5
configure:10264: $? = 0
configure:10284: result: yes
configure:10296: checking whether gcc supports -Wpointer-arith
configure:10327: gcc -c  -g -O2 -Wpointer-arith -I/root/.local/include conftest.c >&5
configure:10327: $? = 0
configure:10347: result: yes
configure:10359: checking whether gcc supports -Wbad-function-cast
configure:10390: gcc -c  -g -O2 -Wbad-function-cast -I/root/.local/include conftest.c >&5
configure:10390: $? = 0
configure:10410: result: yes
configure:10422: checking whether gcc supports -Wwrite-strings
configure:10453: gcc -c  -g -O2 -Wwrite-strings -I/root/.local/include conftest.c >&5
configure:10453: $? = 0
configure:10473: result: yes
configure:10485: checking whether gcc supports -Wundef
configure:10516: gcc -c  -g -O2 -Wundef -I/root/.local/include conftest.c >&5
configure:10516: $? = 0
configure:10536: result: yes
configure:10548: checking whether gcc supports -Wimplicit-fallthrough
configure:10579: gcc -c  -g -O2 -Wimplicit-fallthrough -I/root/.local/include conftest.c >&5
configure:10579: $? = 0
configure:10599: result: yes
configure:10611: checking whether gcc supports -Wshadow
configure:10642: gcc -c  -g -O2 -Wshadow -I/root/.local/include conftest.c >&5
configure:10642: $? = 0
configure:10662: result: yes
configure:10674: checking whether gcc supports -Wmissing-noreturn
configure:10705: gcc -c  -g -O2 -Wmissing-noreturn -I/root/.local/include conftest.c >&5
configure:10705: $? = 0
configure:10725: result: yes
configure:10737: checking whether gcc supports -Wformat-extra-args
configure:10768: gcc -c  -g -O2 -Wformat-extra-args -I/root/.local/include conftest.c >&5
configure:10768: $? = 0
configure:10788: result: yes
configure:11117: checking whether gcc supports -Wno-unused-result
configure:11148: gcc -c  -g -O2 -Wunused-result -I/root/.local/include conftest.c >&5
configure:11148: $? = 0
configure:11168: result: yes
configure:11181: checking whether gcc supports -Wno-unused-parameter
configure:11212: gcc -c  -g -O2 -Wunused-parameter -I/root/.local/include conftest.c >&5
configure:11212: $? = 0
configure:11232: result: yes
configure:11244: checking whether gcc supports -Wno-missing-field-initializers
configure:11275: gcc -c  -g -O2 -Wmissing-field-initializers -I/root/.local/include conftest.c >&5
configure:11275: $? = 0
configure:11295: result: yes
configure:11307: checking whether gcc supports -Wno-microsoft-anon-tag
configure:11338: gcc -c  -g -O2 -Wmicrosoft-anon-tag -I/root/.local/include conftest.c >&5
gcc: error: unrecognized command-line option '-Wmicrosoft-anon-tag'
configure:11338: $? = 1
configure: failed program was:
| /* confdefs.h */
| #define PACKAGE_NAME "frr"
| #define PACKAGE_TARNAME "frr"
| #define PACKAGE_VERSION "10.6-dev"
| #define PACKAGE_STRING "frr 10.6-dev"
| #define PACKAGE_BUGREPORT "https://github.com/frrouting/frr/issues"
| #define PACKAGE_URL ""
| #define PACKAGE "frr"
| #define VERSION "10.6-dev"
| #define VICI_SOCKET "/var/run/charon.vici"
| #define HAVE_STDIO_H 1
| #define HAVE_STDLIB_H 1
| #define HAVE_STRING_H 1
| #define HAVE_INTTYPES_H 1
| #define HAVE_STDINT_H 1
| #define HAVE_STRINGS_H 1
| #define HAVE_SYS_STAT_H 1
| #define HAVE_SYS_TYPES_H 1
| #define HAVE_UNISTD_H 1
| #define HAVE_WCHAR_H 1
| #define STDC_HEADERS 1
| #define _ALL_SOURCE 1
| #define _DARWIN_C_SOURCE 1
| #define _GNU_SOURCE 1
| #define _HPUX_ALT_XOPEN_SOCKET_API 1
| #define _NETBSD_SOURCE 1
| #define _OPENBSD_SOURCE 1
| #define _POSIX_PTHREAD_SEMANTICS 1
| #define __STDC_WANT_IEC_60559_ATTRIBS_EXT__ 1
| #define __STDC_WANT_IEC_60559_BFP_EXT__ 1
| #define __STDC_WANT_IEC_60559_DFP_EXT__ 1
| #define __STDC_WANT_IEC_60559_FUNCS_EXT__ 1
| #define __STDC_WANT_IEC_60559_TYPES_EXT__ 1
| #define __STDC_WANT_LIB_EXT2__ 1
| #define __STDC_WANT_MATH_SPEC_FUNCS__ 1
| #define _TANDEM_SOURCE 1
| #define __EXTENSIONS__ 1
| /* end confdefs.h.  */
| 
| int
| main (void)
| {
| 
|   ;
|   return 0;
| }
configure:11358: result: no
configure:11370: checking whether gcc supports -Wno-error=deprecated-declarations
configure:11401: gcc -c  -g -O2 -Werror=deprecated-declarations -I/root/.local/include conftest.c >&5
configure:11401: $? = 0
configure:11421: result: yes
configure:11433: checking whether gcc supports -Waddress-of-packed-member
configure:11464: gcc -c  -g -O2 -Waddress-of-packed-member -I/root/.local/include conftest.c >&5
configure:11464: $? = 0
configure:11484: result: yes
configure:11497: checking whether gcc supports -Wc++-compat
configure:11528: gcc -c  -g -O2 -Wc++-compat -I/root/.local/include conftest.c >&5
configure:11528: $? = 0
configure:11548: result: yes
configure:11988: checking whether gcc supports -fplugin=tools/gcc-plugins/frr-format.so
configure:12026: gcc -c  -g -O2 -fplugin=tools/gcc-plugins/frr-format.so -I/root/.local/include conftest.c >&5
cc1: error: cannot load plugin tools/gcc-plugins/frr-format.so: tools/gcc-plugins/frr-format.so: cannot open shared object file: No such file or directory
configure:12026: $? = 1
configure: failed program was:
| /* confdefs.h */
| #define PACKAGE_NAME "frr"
| #define PACKAGE_TARNAME "frr"
| #define PACKAGE_VERSION "10.6-dev"
| #define PACKAGE_STRING "frr 10.6-dev"
| #define PACKAGE_BUGREPORT "https://github.com/frrouting/frr/issues"
| #define PACKAGE_URL ""
| #define PACKAGE "frr"
| #define VERSION "10.6-dev"
| #define VICI_SOCKET "/var/run/charon.vici"
| #define HAVE_STDIO_H 1
| #define HAVE_STDLIB_H 1
| #define HAVE_STRING_H 1
| #define HAVE_INTTYPES_H 1
| #define HAVE_STDINT_H 1
| #define HAVE_STRINGS_H 1
| #define HAVE_SYS_STAT_H 1
| #define HAVE_SYS_TYPES_H 1
| #define HAVE_UNISTD_H 1
| #define HAVE_WCHAR_H 1
| #define STDC_HEADERS 1
| #define _ALL_SOURCE 1
| #define _DARWIN_C_SOURCE 1
| #define _GNU_SOURCE 1
| #define _HPUX_ALT_XOPEN_SOCKET_API 1
| #define _NETBSD_SOURCE 1
| #define _OPENBSD_SOURCE 1
| #define _POSIX_PTHREAD_SEMANTICS 1
| #define __STDC_WANT_IEC_60559_ATTRIBS_EXT__ 1
| #define __STDC_WANT_IEC_60559_BFP_EXT__ 1
| #define __STDC_WANT_IEC_60559_DFP_EXT__ 1
| #define __STDC_WANT_IEC_60559_FUNCS_EXT__ 1
| #define __STDC_WANT_IEC_60559_TYPES_EXT__ 1
| #define __STDC_WANT_LIB_EXT2__ 1
| #define __STDC_WANT_MATH_SPEC_FUNCS__ 1
| #define _TANDEM_SOURCE 1
| #define __EXTENSIONS__ 1
| /* end confdefs.h.  */
| 
| #ifndef _FRR_ATTRIBUTE_PRINTFRR
| #error plugin not loaded
| #endif
| #if _FRR_ATTRIBUTE_PRINTFRR < 0x10000
| #error plugin too old
| #endif
| 
| int
| main (void)
| {
| 
|   ;
|   return 0;
| }
configure:12046: result: no
configure:12055: checking whether gcc supports -fplugin=frr-format
configure:12093: gcc -c  -g -O2 -fplugin=frr-format -I/root/.local/include conftest.c >&5
cc1: fatal error: inaccessible plugin file /usr/lib/gcc/x86_64-linux-gnu/13/plugin/frr-format.so expanded from short plugin name frr-format: No such file or directory
compilation terminated.
configure:12093: $? = 1
configure: failed program was:
| /* confdefs.h */
| #define PACKAGE_NAME "frr"
| #define PACKAGE_TARNAME "frr"
| #define PACKAGE_VERSION "10.6-dev"
| #define PACKAGE_STRING "frr 10.6-dev"
| #define PACKAGE_BUGREPORT "https://github.com/frrouting/frr/issues"
| #define PACKAGE_URL ""
| #define PACKAGE "frr"
| #define VERSION "10.6-dev"
| #define VICI_SOCKET "/var/run/charon.vici"
| #define HAVE_STDIO_H 1
| #define HAVE_STDLIB_H 1
| #define HAVE_STRING_H 1
| #define HAVE_INTTYPES_H 1
| #define HAVE_STDINT_H 1
| #define HAVE_STRINGS_H 1
| #define HAVE_SYS_STAT_H 1
| #define HAVE_SYS_TYPES_H 1
| #define HAVE_UNISTD_H 1
| #define HAVE_WCHAR_H 1
| #define STDC_HEADERS 1
| #define _ALL_SOURCE 1
| #define _DARWIN_C_SOURCE 1
| #define _GNU_SOURCE 1
| #define _HPUX_ALT_XOPEN_SOCKET_API 1
| #define _NETBSD_SOURCE 1
| #define _OPENBSD_SOURCE 1
| #define _POSIX_PTHREAD_SEMANTICS 1
| #define __STDC_WANT_IEC_60559_ATTRIBS_EXT__ 1
| #define __STDC_WANT_IEC_60559_BFP_EXT__ 1
| #define __STDC_WANT_IEC_60559_DFP_EXT__ 1
| #define __STDC_WANT_IEC_60559_FUNCS_EXT__ 1
| #define __STDC_WANT_IEC_60559_TYPES_EXT__ 1
| #define __STDC_WANT_LIB_EXT2__ 1
| #define __STDC_WANT_MATH_SPEC_FUNCS__ 1
| #define _TANDEM_SOURCE 1
| #define __EXTENSIONS__ 1
| /* end confdefs.h.  */
| 
| #ifndef _FRR_ATTRIBUTE_PRINTFRR
| #error plugin not loaded
| #endif
| #if _FRR_ATTRIBUTE_PRINTFRR < 0x10000
| #error plugin too old
| #endif
| 
| int
| main (void)
| {
| 
|   ;
|   return 0;
| }
configure:12113: result: no
configure:12133: checking whether linker supports __start/stop_section symbols
configure:12153: gcc -o conftest  -g -O2 -I/root/.local/include -L/root/.local/lib -g conftest.c  >&5
configure:12153: $? = 0
configure:12156: result: yes
configure:12280: checking if compiler needs -Werror to reject unknown flags
configure:12296: gcc -c  -g -O2 -Werror -Wunknown-warning-option -Wsizeof-array-argument -I/root/.local/include conftest.c >&5
gcc: error: unrecognized command-line option '-Wunknown-warning-option'
configure:12296: $? = 1
configure: failed program was:
| /* confdefs.h */
| #define PACKAGE_NAME "frr"
| #define PACKAGE_TARNAME "frr"
| #define PACKAGE_VERSION "10.6-dev"
| #define PACKAGE_STRING "frr 10.6-dev"
| #define PACKAGE_BUGREPORT "https://github.com/frrouting/frr/issues"
| #define PACKAGE_URL ""
| #define PACKAGE "frr"
| #define VERSION "10.6-dev"
| #define VICI_SOCKET "/var/run/charon.vici"
| #define HAVE_STDIO_H 1
| #define HAVE_STDLIB_H 1
| #define HAVE_STRING_H 1
| #define HAVE_INTTYPES_H 1
| #define HAVE_STDINT_H 1
| #define HAVE_STRINGS_H 1
| #define HAVE_SYS_STAT_H 1
| #define HAVE_SYS_TYPES_H 1
| #define HAVE_UNISTD_H 1
| #define HAVE_WCHAR_H 1
| #define STDC_HEADERS 1
| #define _ALL_SOURCE 1
| #define _DARWIN_C_SOURCE 1
| #define _GNU_SOURCE 1
| #define _HPUX_ALT_XOPEN_SOCKET_API 1
| #define _NETBSD_SOURCE 1
| #define _OPENBSD_SOURCE 1
| #define _POSIX_PTHREAD_SEMANTICS 1
| #define __STDC_WANT_IEC_60559_ATTRIBS_EXT__ 1
| #define __STDC_WANT_IEC_60559_BFP_EXT__ 1
| #define __STDC_WANT_IEC_60559_DFP_EXT__ 1
| #define __STDC_WANT_IEC_60559_FUNCS_EXT__ 1
| #define __STDC_WANT_IEC_60559_TYPES_EXT__ 1
| #define __STDC_WANT_LIB_EXT2__ 1
| #define __STDC_WANT_MATH_SPEC_FUNCS__ 1
| #define _TANDEM_SOURCE 1
| #define __EXTENSIONS__ 1
| /* end confdefs.h.  */
| int foo(void);
| int
| main (void)
| {
| foo()
|   ;
|   return 0;
| }
configure:12302: result: no
configure:12373: checking for the pthreads library -lpthreads
configure:12411: gcc -o conftest  -g -O2   -I/root/.local/include -L/root/.local/lib -g conftest.c -lpthreads  >&5
/usr/bin/ld: cannot find -lpthreads: No such file or directory
collect2: error: ld returned 1 exit status
configure:12411: $? = 1
configure: failed program was:
| /* confdefs.h */
| #define PACKAGE_NAME "frr"
| #define PACKAGE_TARNAME "frr"
| #define PACKAGE_VERSION "10.6-dev"
| #define PACKAGE_STRING "frr 10.6-dev"
| #define PACKAGE_BUGREPORT "https://github.com/frrouting/frr/issues"
| #define PACKAGE_URL ""
| #define PACKAGE "frr"
| #define VERSION "10.6-dev"
| #define VICI_SOCKET "/var/run/charon.vici"
| #define HAVE_STDIO_H 1
| #define HAVE_STDLIB_H 1
| #define HAVE_STRING_H 1
| #define HAVE_INTTYPES_H 1
| #define HAVE_STDINT_H 1
| #define HAVE_STRINGS_H 1
| #define HAVE_SYS_STAT_H 1
| #define HAVE_SYS_TYPES_H 1
| #define HAVE_UNISTD_H 1
| #define HAVE_WCHAR_H 1
| #define STDC_HEADERS 1
| #define _ALL_SOURCE 1
| #define _DARWIN_C_SOURCE 1
| #define _GNU_SOURCE 1
| #define _HPUX_ALT_XOPEN_SOCKET_API 1
| #define _NETBSD_SOURCE 1
| #define _OPENBSD_SOURCE 1
| #define _POSIX_PTHREAD_SEMANTICS 1
| #define __STDC_WANT_IEC_60559_ATTRIBS_EXT__ 1
| #define __STDC_WANT_IEC_60559_BFP_EXT__ 1
| #define __STDC_WANT_IEC_60559_DFP_EXT__ 1
| #define __STDC_WANT_IEC_60559_FUNCS_EXT__ 1
| #define __STDC_WANT_IEC_60559_TYPES_EXT__ 1
| #define __STDC_WANT_LIB_EXT2__ 1
| #define __STDC_WANT_MATH_SPEC_FUNCS__ 1
| #define _TANDEM_SOURCE 1
| #define __EXTENSIONS__ 1
| /* end confdefs.h.  */
| #include <pthread.h>
|                         static void routine(void *a) { if (a) a = 0; }
|                         static void *start_routine(void *a) { return a; }
| int
| main (void)
| {
| pthread_t th; pthread_attr_t attr;
|                         pthread_create(&th, 0, start_routine, 0);
|                         pthread_join(th, 0);
|                         pthread_attr_init(&attr);
|                         pthread_cleanup_push(routine, 0);
|                         pthread_cleanup_pop(0) /* ; */
|   ;
|   return 0;
| }
configure:12421: result: no
configure:12313: checking whether pthreads work without any flags
configure:12411: gcc -o conftest  -g -O2   -I/root/.local/include -L/root/.local/lib -g conftest.c   >&5
configure:12411: $? = 0
configure:12421: result: yes
configure:12440: checking for joinable pthread attribute
configure:12455: gcc -o conftest  -g -O2  -I/root/.local/include -L/root/.local/lib -g conftest.c   >&5
configure:12455: $? = 0
configure:12462: result: PTHREAD_CREATE_JOINABLE
configure:12470: checking if more special flags are required for pthreads
configure:12485: result: no
configure:12491: checking for PTHREAD_PRIO_INHERIT
configure:12509: gcc -o conftest  -g -O2  -I/root/.local/include -L/root/.local/lib -g conftest.c   >&5
configure:12509: $? = 0
configure:12519: result: yes
configure:12636: checking for pthread_np.h
configure:12636: gcc -c  -g -O2  -I/root/.local/include conftest.c >&5
conftest.c:44:10: fatal error: pthread_np.h: No such file or directory
   44 | #include <pthread_np.h>
      |          ^~~~~~~~~~~~~~
compilation terminated.
configure:12636: $? = 1
configure: failed program was:
| /* confdefs.h */
| #define PACKAGE_NAME "frr"
| #define PACKAGE_TARNAME "frr"
| #define PACKAGE_VERSION "10.6-dev"
| #define PACKAGE_STRING "frr 10.6-dev"
| #define PACKAGE_BUGREPORT "https://github.com/frrouting/frr/issues"
| #define PACKAGE_URL ""
| #define PACKAGE "frr"
| #define VERSION "10.6-dev"
| #define VICI_SOCKET "/var/run/charon.vici"
| #define HAVE_STDIO_H 1
| #define HAVE_STDLIB_H 1
| #define HAVE_STRING_H 1
| #define HAVE_INTTYPES_H 1
| #define HAVE_STDINT_H 1
| #define HAVE_STRINGS_H 1
| #define HAVE_SYS_STAT_H 1
| #define HAVE_SYS_TYPES_H 1
| #define HAVE_UNISTD_H 1
| #define HAVE_WCHAR_H 1
| #define STDC_HEADERS 1
| #define _ALL_SOURCE 1
| #define _DARWIN_C_SOURCE 1
| #define _GNU_SOURCE 1
| #define _HPUX_ALT_XOPEN_SOCKET_API 1
| #define _NETBSD_SOURCE 1
| #define _OPENBSD_SOURCE 1
| #define _POSIX_PTHREAD_SEMANTICS 1
| #define __STDC_WANT_IEC_60559_ATTRIBS_EXT__ 1
| #define __STDC_WANT_IEC_60559_BFP_EXT__ 1
| #define __STDC_WANT_IEC_60559_DFP_EXT__ 1
| #define __STDC_WANT_IEC_60559_FUNCS_EXT__ 1
| #define __STDC_WANT_IEC_60559_TYPES_EXT__ 1
| #define __STDC_WANT_LIB_EXT2__ 1
| #define __STDC_WANT_MATH_SPEC_FUNCS__ 1
| #define _TANDEM_SOURCE 1
| #define __EXTENSIONS__ 1
| #define HAVE_PTHREAD_PRIO_INHERIT 1
| /* end confdefs.h.  */
| 
| #include <pthread.h>
| 
| 
| #include <pthread_np.h>
configure:12636: result: no
configure:12646: checking for pthread_setname_np
configure:12646: gcc -o conftest  -g -O2  -I/root/.local/include -L/root/.local/lib -g conftest.c   >&5
configure:12646: $? = 0
configure:12646: result: yes
configure:12652: checking for pthread_set_name_np
configure:12652: gcc -o conftest  -g -O2  -I/root/.local/include -L/root/.local/lib -g conftest.c   >&5
/usr/bin/ld: /tmp/cc4GKRKU.o: in function `main':
/home/user/frr/build-clippy/conftest.c:68:(.text.startup+0xb): undefined reference to `pthread_set_name_np'
collect2: error: ld returned 1 exit status
configure:12652: $? = 1
configure: failed program was:
| /* confdefs.h */
| #define PACKAGE_NAME "frr"
| #define PACKAGE_TARNAME "frr"
| #define PACKAGE_VERSION "10.6-dev"
| #define PACKAGE_STRING "frr 10.6-dev"
| #define PACKAGE_BUGREPORT "https://github.com/frrouting/frr/issues"
| #define PACKAGE_URL ""
| #define PACKAGE "frr"
| #define VERSION "10.6-dev"
| #define VICI_SOCKET "/var/run/charon.vici"
| #define HAVE_STDIO_H 1
| #define HAVE_STDLIB_H 1
| #define HAVE_STRING_H 1
| #define HAVE_INTTYPES_H 1
| #define HAVE_STDINT_H 1
| #define HAVE_STRINGS_H 1
| #define HAVE_SYS_STAT_H 1
| #define HAVE_SYS_TYPES_H 1
| #define HAVE_UNISTD_H 1
| #define HAVE_WCHAR_H 1
| #define STDC_HEADERS 1
| #define _ALL_SOURCE 1
| #define _DARWIN_C_SOURCE 1
| #define _GNU_SOURCE 1
| #define _HPUX_ALT_XOPEN_SOCKET_API 1
| #define _NETBSD_SOURCE 1
| #define _OPENBSD_SOURCE 1
| #define _POSIX_PTHREAD_SEMANTICS 1
| #define __STDC_WANT_IEC_60559_ATTRIBS_EXT__ 1
| #define __STDC_WANT_IEC_60559_BFP_EXT__ 1
| #define __STDC_WANT_IEC_60559_DFP_EXT__ 1
| #define __STDC_WANT_IEC_60559_FUNCS_EXT__ 1
| #define __STDC_WANT_IEC_60559_TYPES_EXT__ 1
| #define __STDC_WANT_LIB_EXT2__ 1
| #define __STDC_WANT_MATH_SPEC_FUNCS__ 1
| #define _TANDEM_SOURCE 1
| #define __EXTENSIONS__ 1
| #define HAVE_PTHREAD_PRIO_INHERIT 1
| #define HAVE_PTHREAD_SETNAME_NP 1
| /* end confdefs.h.  */
| /* Define pthread_set_name_np to an innocuous variant, in case <limits.h> declares pthread_set_name_np.
|    For example, HP-UX 11i <limits.h> declares gettimeofday.  */
| #define pthread_set_name_np innocuous_pthread_set_name_np
| 
| /* System header to define __stub macros and hopefully few prototypes,
|    which can conflict with char pthread_set_name_np (); below.  */
| 
| #include <limits.h>
| #undef pthread_set_name_np
| 
| /* Override any GCC internal prototype to avoid an error.
|    Use char because int might match the return type of a GCC
|    builtin and then its argument prototype would still apply.  */
| #ifdef __cplusplus
| extern "C"
| #endif
| char pthread_set_name_np ();
| /* The GNU C library defines this for functions which it implements
|     to always fail with ENOSYS.  Some functions are actually named
|     something starting with __ and the normal name is an alias.  */
| #if defined __stub_pthread_set_name_np || defined __stub___pthread_set_name_np
| choke me
| #endif
| 
| int
| main (void)
| {
| return pthread_set_name_np ();
|   ;
|   return 0;
| }
configure:12652: result: no
configure:12658: checking for pthread_getthreadid_np
configure:12658: gcc -o conftest  -g -O2  -I/root/.local/include -L/root/.local/lib -g conftest.c   >&5
/usr/bin/ld: /tmp/ccYYbSp4.o: in function `main':
/home/user/frr/build-clippy/conftest.c:68:(.text.startup+0xb): undefined reference to `pthread_getthreadid_np'
collect2: error: ld returned 1 exit status
configure:12658: $? = 1
configure: failed program was:
| /* confdefs.h */
| #define PACKAGE_NAME "frr"
| #define PACKAGE_TARNAME "frr"
| #define PACKAGE_VERSION "10.6-dev"
| #define PACKAGE_STRING "frr 10.6-dev"
| #define PACKAGE_BUGREPORT "https://github.com/frrouting/frr/issues"
| #define PACKAGE_URL ""
| #define PACKAGE "frr"
| #define VERSION "10.6-dev"
| #define VICI_SOCKET "/var/run/charon.vici"
| #define HAVE_STDIO_H 1
| #define HAVE_STDLIB_H 1
| #define HAVE_STRING_H 1
| #define HAVE_INTTYPES_H 1
| #define HAVE_STDINT_H 1
| #define HAVE_STRINGS_H 1
| #define HAVE_SYS_STAT_H 1
| #define HAVE_SYS_TYPES_H 1
| #define HAVE_UNISTD_H 1
| #define HAVE_WCHAR_H 1
| #define STDC_HEADERS 1
| #define _ALL_SOURCE 1
| #define _DARWIN_C_SOURCE 1
| #define _GNU_SOURCE 1
| #define _HPUX_ALT_XOPEN_SOCKET_API 1
| #define _NETBSD_SOURCE 1
| #define _OPENBSD_SOURCE 1
| #define _POSIX_PTHREAD_SEMANTICS 1
| #define __STDC_WANT_IEC_60559_ATTRIBS_EXT__ 1
| #define __STDC_WANT_IEC_60559_BFP_EXT__ 1
| #define __STDC_WANT_IEC_60559_DFP_EXT__ 1
| #define __STDC_WANT_IEC_60559_FUNCS_EXT__ 1
| #define __STDC_WANT_IEC_60559_TYPES_EXT__ 1
| #define __STDC_WANT_LIB_EXT2__ 1
| #define __STDC_WANT_MATH_SPEC_FUNCS__ 1
| #define _TANDEM_SOURCE 1
| #define __EXTENSIONS__ 1
| #define HAVE_PTHREAD_PRIO_INHERIT 1
| #define HAVE_PTHREAD_SETNAME_NP 1
| /* end confdefs.h.  */
| /* Define pthread_getthreadid_np to an innocuous variant, in case <limits.h> declares pthread_getthreadid_np.
|    For example, HP-UX 11i <limits.h> declares gettimeofday.  */
| #define pthread_getthreadid_np innocuous_pthread_getthreadid_np
| 
| /* System header to define __stub macros and hopefully few prototypes,
|    which can conflict with char pthread_getthreadid_np (); below.  */
| 
| #include <limits.h>
| #undef pthread_getthreadid_np
| 
| /* Override any GCC internal prototype to avoid an error.
|    Use char because int might match the return type of a GCC
|    builtin and then its argument prototype would still apply.  */
| #ifdef __cplusplus
| extern "C"
| #endif
| char pthread_getthreadid_np ();
| /* The GNU C library defines this for functions which it implements
|     to always fail with ENOSYS.  Some functions are actually named
|     something starting with __ and the normal name is an alias.  */
| #if defined __stub_pthread_getthreadid_np || defined __stub___pthread_getthreadid_np
| choke me
| #endif
| 
| int
| main (void)
| {
| return pthread_getthreadid_np ();
|   ;
|   return 0;
| }
configure:12658: result: no
configure:12669: checking whether ln -s works
configure:12673: result: yes
configure:12728: checking for ar
configure:12749: found /usr/bin/ar
configure:12760: result: ar
configure:12836: checking how to print strings
configure:12863: result: printf
configure:12884: checking for a sed that does not truncate output
configure:12954: result: sed
configure:12972: checking for egrep
configure:13040: result: /usr/bin/egrep
configure:13045: checking for fgrep
configure:13113: result: /usr/bin/fgrep
configure:13149: checking for ld used by gcc
configure:13217: result: /usr/bin/ld
configure:13224: checking if the linker (/usr/bin/ld) is GNU ld
configure:13240: result: yes
configure:13252: checking for BSD- or MS-compatible name lister (nm)
configure:13307: result: /usr/bin/nm -B
configure:13447: checking the name lister (/usr/bin/nm -B) interface
configure:13455: gcc -c  -g -O2 -I/root/.local/include conftest.c >&5
configure:13458: /usr/bin/nm -B "conftest.o"
configure:13461: output
0000000000000000 B some_variable
configure:13468: result: BSD nm
configure:13472: checking the maximum length of command line arguments
configure:13604: result: 1572864
configure:13652: checking how to convert x86_64-pc-linux-gnu file names to x86_64-pc-linux-gnu format
configure:13693: result: func_convert_file_noop
configure:13700: checking how to convert x86_64-pc-linux-gnu file names to toolchain format
configure:13721: result: func_convert_file_noop
configure:13728: checking for /usr/bin/ld option to reload object files
configure:13736: result: -r
configure:13815: checking for file
configure:13836: found /usr/bin/file
configure:13847: result: file
configure:13923: checking for objdump
configure:13944: found /usr/bin/objdump
configure:13955: result: objdump
configure:13987: checking how to recognize dependent libraries
configure:14188: result: pass_all
configure:14278: checking for dlltool
configure:14313: result: no
configure:14343: checking how to associate runtime and link libraries
configure:14371: result: printf %s\n
configure:14521: checking for archiver @FILE support
configure:14539: gcc -c  -g -O2 -I/root/.local/include conftest.c >&5
configure:14539: $? = 0
configure:14543: ar cr libconftest.a @conftest.lst >&5
configure:14546: $? = 0
configure:14551: ar cr libconftest.a @conftest.lst >&5
ar: conftest.o: No such file or directory
configure:14554: $? = 1
configure:14566: result: @
configure:14629: checking for strip
configure:14650: found /usr/bin/strip
configure:14661: result: strip
configure:14738: checking for ranlib
configure:14759: found /usr/bin/ranlib
configure:14770: result: ranlib
configure:14872: checking command to parse /usr/bin/nm -B output from gcc object
configure:15026: gcc -c  -g -O2 -I/root/.local/include conftest.c >&5
configure:15029: $? = 0
configure:15033: /usr/bin/nm -B conftest.o | sed -n -e 's/^.*[	 ]\([ABCDGIRSTW][ABCDGIRSTW]*\)[	 ][	 ]*\([_A-Za-z][_A-Za-z0-9]*\)$/\1 \2 \2/p' | sed '/ __gnu_lto/d' > conftest.nm
configure:15099: gcc -o conftest  -g -O2 -I/root/.local/include -L/root/.local/lib -g conftest.c conftstm.o >&5
configure:15102: $? = 0
configure:15140: result: ok
configure:15187: checking for sysroot
configure:15218: result: no
configure:15225: checking for a working dd
configure:15269: result: /usr/bin/dd
configure:15273: checking how to truncate binary pipes
configure:15289: result: /usr/bin/dd bs=4096 count=1
configure:15426: gcc -c  -g -O2 -I/root/.local/include conftest.c >&5
configure:15429: $? = 0
configure:15626: checking for mt
configure:15661: result: no
configure:15681: checking if : is a manifest tool
configure:15688: : '-?'
configure:15696: result: no
configure:16417: checking for dlfcn.h
configure:16417: gcc -c  -g -O2 -I/root/.local/include conftest.c >&5
configure:16417: $? = 0
configure:16417: result: yes
configure:16687: checking for objdir
configure:16703: result: .libs
configure:16967: checking if gcc supports -fno-rtti -fno-exceptions
configure:16986: gcc -c  -g -O2 -I/root/.local/include -fno-rtti -fno-exceptions conftest.c >&5
cc1: warning: command-line option '-fno-rtti' is valid for C++/D/ObjC++ but not for C
configure:16990: $? = 0
configure:17003: result: no
configure:17367: checking for gcc option to produce PIC
configure:17375: result: -fPIC -DPIC
configure:17383: checking if gcc PIC flag -fPIC -DPIC works
configure:17402: gcc -c  -g -O2 -I/root/.local/include -fPIC -DPIC -DPIC conftest.c >&5
configure:17406: $? = 0
configure:17419: result: yes
configure:17448: checking if gcc static flag -static works
configure:17477: result: yes
configure:17492: checking if gcc supports -c -o file.o
configure:17514: gcc -c  -g -O2 -I/root/.local/include -o out/conftest2.o conftest.c >&5
configure:17518: $? = 0
configure:17540: result: yes
configure:17548: checking if gcc supports -c -o file.o
configure:17596: result: yes
configure:17629: checking whether the gcc linker (/usr/bin/ld -m elf_x86_64) supports shared libraries
configure:18903: result: yes
configure:18940: checking whether -lc should be explicitly linked in
configure:18949: gcc -c  -g -O2 -I/root/.local/include conftest.c >&5
configure:18952: $? = 0
configure:18967: gcc -shared  -fPIC -DPIC conftest.o  -v -Wl,-soname -Wl,conftest -o conftest 2\>\&1 \| grep  -lc  \>/dev/null 2\>\&1
configure:18970: $? = 0
configure:18984: result: no
configure:19144: checking dynamic linker characteristics
configure:19726: gcc -o conftest  -g -O2 -I/root/.local/include -L/root/.local/lib -g -Wl,-rpath -Wl,/foo conftest.c   >&5
configure:19726: $? = 0
configure:19977: result: GNU/Linux ld.so
configure:20099: checking how to hardcode library paths into programs
configure:20124: result: immediate
configure:20676: checking whether stripping libraries is possible
configure:20685: result: yes
configure:20727: checking if libtool supports shared libraries
configure:20729: result: yes
configure:20732: checking whether to build shared libraries
configure:20757: result: yes
configure:20760: checking whether to build static libraries
configure:20764: result: yes
configure:20787: checking how to run the C++ preprocessor
configure:20809: g++ -E -I/root/.local/include conftest.cpp
configure:20809: $? = 0
configure:20824: g++ -E -I/root/.local/include conftest.cpp
conftest.cpp:43:10: fatal error: ac_nonexistent.h: No such file or directory
   43 | #include <ac_nonexistent.h>
      |          ^~~~~~~~~~~~~~~~~~
compilation terminated.
configure:20824: $? = 1
configure: failed program was:
| /* confdefs.h */
| #define PACKAGE_NAME "frr"
| #define PACKAGE_TARNAME "frr"
| #define PACKAGE_VERSION "10.6-dev"
| #define PACKAGE_STRING "frr 10.6-dev"
| #define PACKAGE_BUGREPORT "https://github.com/frrouting/frr/issues"
| #define PACKAGE_URL ""
| #define PACKAGE "frr"
| #define VERSION "10.6-dev"
| #define VICI_SOCKET "/var/run/charon.vici"
| #define HAVE_STDIO_H 1
| #define HAVE_STDLIB_H 1
| #define HAVE_STRING_H 1
| #define HAVE_INTTYPES_H 1
| #define HAVE_STDINT_H 1
| #define HAVE_STRINGS_H 1
| #define HAVE_SYS_STAT_H 1
| #define HAVE_SYS_TYPES_H 1
| #define HAVE_UNISTD_H 1
| #define HAVE_WCHAR_H 1
| #define STDC_HEADERS 1
| #define _ALL_SOURCE 1
| #define _DARWIN_C_SOURCE 1
| #define _GNU_SOURCE 1
| #define _HPUX_ALT_XOPEN_SOCKET_API 1
| #define _NETBSD_SOURCE 1
| #define _OPENBSD_SOURCE 1
| #define _POSIX_PTHREAD_SEMANTICS 1
| #define __STDC_WANT_IEC_60559_ATTRIBS_EXT__ 1
| #define __STDC_WANT_IEC_60559_BFP_EXT__ 1
| #define __STDC_WANT_IEC_60559_DFP_EXT__ 1
| #define __STDC_WANT_IEC_60559_FUNCS_EXT__ 1
| #define __STDC_WANT_IEC_60559_TYPES_EXT__ 1
| #define __STDC_WANT_LIB_EXT2__ 1
| #define __STDC_WANT_MATH_SPEC_FUNCS__ 1
| #define _TANDEM_SOURCE 1
| #define __EXTENSIONS__ 1
| #define HAVE_PTHREAD_PRIO_INHERIT 1
| #define HAVE_PTHREAD_SETNAME_NP 1
| #define HAVE_DLFCN_H 1
| #define LT_OBJDIR ".libs/"
| /* end confdefs.h.  */
| #include <ac_nonexistent.h>
configure:20851: result: g++ -E
configure:20865: g++ -E -I/root/.local/include conftest.cpp
configure:20865: $? = 0
configure:20880: g++ -E -I/root/.local/include conftest.cpp
conftest.cpp:43:10: fatal error: ac_nonexistent.h: No such file or directory
   43 | #include <ac_nonexistent.h>
      |          ^~~~~~~~~~~~~~~~~~
compilation terminated.
configure:20880: $? = 1
configure: failed program was:
| /* confdefs.h */
| #define PACKAGE_NAME "frr"
| #define PACKAGE_TARNAME "frr"
| #define PACKAGE_VERSION "10.6-dev"
| #define PACKAGE_STRING "frr 10.6-dev"
| #define PACKAGE_BUGREPORT "https://github.com/frrouting/frr/issues"
| #define PACKAGE_URL ""
| #define PACKAGE "frr"
| #define VERSION "10.6-dev"
| #define VICI_SOCKET "/var/run/charon.vici"
| #define HAVE_STDIO_H 1
| #define HAVE_STDLIB_H 1
| #define HAVE_STRING_H 1
| #define HAVE_INTTYPES_H 1
| #define HAVE_STDINT_H 1
| #define HAVE_STRINGS_H 1
| #define HAVE_SYS_STAT_H 1
| #define HAVE_SYS_TYPES_H 1
| #define HAVE_UNISTD_H 1
| #define HAVE_WCHAR_H 1
| #define STDC_HEADERS 1
| #define _ALL_SOURCE 1
| #define _DARWIN_C_SOURCE 1
| #define _GNU_SOURCE 1
| #define _HPUX_ALT_XOPEN_SOCKET_API 1
| #define _NETBSD_SOURCE 1
| #define _OPENBSD_SOURCE 1
| #define _POSIX_PTHREAD_SEMANTICS 1
| #define __STDC_WANT_IEC_60559_ATTRIBS_EXT__ 1
| #define __STDC_WANT_IEC_60559_BFP_EXT__ 1
| #define __STDC_WANT_IEC_60559_DFP_EXT__ 1
| #define __STDC_WANT_IEC_60559_FUNCS_EXT__ 1
| #define __STDC_WANT_IEC_60559_TYPES_EXT__ 1
| #define __STDC_WANT_LIB_EXT2__ 1
| #define __STDC_WANT_MATH_SPEC_FUNCS__ 1
| #define _TANDEM_SOURCE 1
| #define __EXTENSIONS__ 1
| #define HAVE_PTHREAD_PRIO_INHERIT 1
| #define HAVE_PTHREAD_SETNAME_NP 1
| #define HAVE_DLFCN_H 1
| #define LT_OBJDIR ".libs/"
| /* end confdefs.h.  */
| #include <ac_nonexistent.h>
configure:21045: checking for ld used by g++
configure:21113: result: /usr/bin/ld -m elf_x86_64
configure:21120: checking if the linker (/usr/bin/ld -m elf_x86_64) is GNU ld
configure:21136: result: yes
configure:21191: checking whether the g++ linker (/usr/bin/ld -m elf_x86_64) supports shared libraries
configure:22269: result: yes
configure:22305: g++ -c  -I/root/.local/include conftest.cpp >&5
configure:22308: $? = 0
configure:22789: checking for g++ option to produce PIC
configure:22797: result: -fPIC -DPIC
configure:22805: checking if g++ PIC flag -fPIC -DPIC works
configure:22824: g++ -c  -I/root/.local/include -fPIC -DPIC -DPIC conftest.cpp >&5
configure:22828: $? = 0
configure:22841: result: yes
configure:22864: checking if g++ static flag -static works
configure:22893: result: yes
configure:22905: checking if g++ supports -c -o file.o
configure:22927: g++ -c  -I/root/.local/include -o out/conftest2.o conftest.cpp >&5
configure:22931: $? = 0
configure:22953: result: yes
configure:22958: checking if g++ supports -c -o file.o
configure:23006: result: yes
configure:23036: checking whether the g++ linker (/usr/bin/ld -m elf_x86_64) supports shared libraries
configure:23079: result: yes
configure:23221: checking dynamic linker characteristics
configure:23981: result: GNU/Linux ld.so
configure:24046: checking how to hardcode library paths into programs
configure:24071: result: immediate
configure:24169: checking whether ar supports D option
configure:24172: result: yes
configure:24185: checking whether ranlib supports D option
configure:24192: result: yes
configure:25032: checking for a Python interpreter with version >= 3
configure:25050: python -c import sys # split strings by '.' and convert to numeric. Append some zeros # because we need at least 4 digits for the hex conversion. # map returns an iterator in Python 3.0 and a list in 2.x minver = list(map(int, '3'.split('.'))) + [0, 0, 0] minverhex = 0 # xrange is not present in Python 3.0 and range returns an iterator for i in list(range(0, 4)): minverhex = (minverhex << 8) + minver[i] sys.exit(sys.hexversion < minverhex)
configure:25053: $? = 0
configure:25060: result: python
configure:25068: checking for python
configure:25091: found /usr/local/bin/python
configure:25103: result: /usr/local/bin/python
configure:25120: checking for python version
configure:25128: result: 3.11
configure:25133: checking for python platform
configure:25141: result: linux
configure:25202: checking for GNU default python prefix
configure:25204: result: ${prefix}
configure:25270: checking for GNU default python exec_prefix
configure:25272: result: ${exec_prefix}
configure:25303: checking for python script directory (pythondir)
configure:25345: result: ${PYTHON_PREFIX}/lib/python3.11/site-packages
configure:25353: checking for python extension module directory (pyexecdir)
configure:25395: result: ${PYTHON_EXEC_PREFIX}/lib/python3.11/site-packages
configure:25406: checking for gelf.h
configure:25406: gcc -c  -g -O2 -I/root/.local/include conftest.c >&5
configure:25406: $? = 0
configure:25406: result: yes
configure:25418: checking for elf_memory in -lelf
configure:25441: gcc -o conftest  -g -O2 -I/root/.local/include -L/root/.local/lib -g conftest.c -lelf    >&5
configure:25441: $? = 0
configure:25451: result: yes
configure:25466: checking for elf_getdata_rawchunk in -lelf
configure:25489: gcc -o conftest  -g -O2 -I/root/.local/include -L/root/.local/lib -g conftest.c -lelf  -lelf   >&5
configure:25489: $? = 0
configure:25499: result: yes
configure:25510: checking for gelf_getnote in -lelf
configure:25533: gcc -o conftest  -g -O2 -I/root/.local/include -L/root/.local/lib -g conftest.c -lelf  -lelf   >&5
configure:25533: $? = 0
configure:25543: result: yes
configure:25559: checking python interpreter /usr/local/bin/python
configure:25561: "$PYTHON" -c 'import sys; open("conftest.pyver", "w").write(sys.executable or ""); sys.exit(not (sys.version_info.major == 2 and sys.version_info.minor >= 7))'
configure:25564: $? = 1
configure:25570: "$PYTHON" -c 'import sys; open("conftest.pyver", "w").write(sys.executable or ""); sys.exit(not ((sys.version_info.major == 3 and sys.version_info.minor >= 2) or sys.version_info.major > 3))'
configure:25573: $? = 0
configure:25595: result: /usr/local/bin/python (python3)
py_abi= py_ldver=3.11 py_ver=3.11 py_bindir=/usr/bin/
configure:25615: checking whether /usr/bin/python3.11-config is available
configure:25618: result: yes
configure:25629: checking whether /usr/bin/python3.11-config provides a working build environment
configure:25666: gcc -o conftest  -g -O2 -I/usr/include/python3.11 -I/usr/include/python3.11 -I/root/.local/include -L/root/.local/lib -g conftest.c   -L/usr/lib/python3.11/config-3.11-x86_64-linux-gnu -L/usr/lib/x86_64-linux-gnu -lpython3.11 -ldl  -lm  >&5
configure:25666: $? = 0
configure:25787: gcc -o conftest  -g -O2 -I/usr/include/python3.11 -I/usr/include/python3.11 -I/root/.local/include -L/root/.local/lib -g conftest.c   -L/usr/lib/python3.11/config-3.11-x86_64-linux-gnu -L/usr/lib/x86_64-linux-gnu -lpython3.11 -ldl  -lm  >&5
configure:25787: $? = 0
configure:25793: result: yes
configure:26764: checking whether /usr/local/bin/python module pytest is available
configure:26766: "$PYTHON" -c "import $pymod"
Traceback (most recent call last):
  File "<string>", line 1, in <module>
ModuleNotFoundError: No module named 'pytest'
configure:26769: $? = 1
configure:26777: result: no
configure:26795: checking whether /usr/local/bin/python module sphinx is available
configure:26797: "$PYTHON" -c "import $pymod"
Traceback (most recent call last):
  File "<string>", line 1, in <module>
ModuleNotFoundError: No module named 'sphinx'
configure:26800: $? = 1
configure:26808: result: no
configure:26846: checking whether /usr/local/bin/python module sphinx is executable
configure:26848: "$PYTHON" -m "$pymod" --version > /dev/null
/usr/local/bin/python: No module named sphinx
configure:26851: $? = 1
configure:26859: result: no
configure:27083: checking for objcopy
configure:27104: found /usr/bin/objcopy
configure:27115: result: objcopy
configure:27138: checking for .interp value to use
configure:27150: gcc -o conftest  -g -O2 -I/root/.local/include -L/root/.local/lib -g conftest.c   >&5
configure:27150: $? = 0
configure:27163: result: /lib64/ld-linux-x86-64.so.2
configure:27172: checking for asm/types.h
configure:27172: gcc -c  -g -O2 -I/root/.local/include conftest.c >&5
configure:27172: $? = 0
configure:27172: result: yes
configure:27178: checking for sys/endian.h
configure:27178: gcc -c  -g -O2 -I/root/.local/include conftest.c >&5
conftest.c:86:10: fatal error: sys/endian.h: No such file or directory
   86 | #include <sys/endian.h>
      |          ^~~~~~~~~~~~~~
compilation terminated.
configure:27178: $? = 1
configure: failed program was:
| /* confdefs.h */
| #define PACKAGE_NAME "frr"
| #define PACKAGE_TARNAME "frr"
| #define PACKAGE_VERSION "10.6-dev"
| #define PACKAGE_STRING "frr 10.6-dev"
| #define PACKAGE_BUGREPORT "https://github.com/frrouting/frr/issues"
| #define PACKAGE_URL ""
| #define PACKAGE "frr"
| #define VERSION "10.6-dev"
| #define VICI_SOCKET "/var/run/charon.vici"
| #define HAVE_STDIO_H 1
| #define HAVE_STDLIB_H 1
| #define HAVE_STRING_H 1
| #define HAVE_INTTYPES_H 1
| #define HAVE_STDINT_H 1
| #define HAVE_STRINGS_H 1
| #define HAVE_SYS_STAT_H 1
| #define HAVE_SYS_TYPES_H 1
| #define HAVE_UNISTD_H 1
| #define HAVE_WCHAR_H 1
| #define STDC_HEADERS 1
| #define _ALL_SOURCE 1
| #define _DARWIN_C_SOURCE 1
| #define _GNU_SOURCE 1
| #define _HPUX_ALT_XOPEN_SOCKET_API 1
| #define _NETBSD_SOURCE 1
| #define _OPENBSD_SOURCE 1
| #define _POSIX_PTHREAD_SEMANTICS 1
| #define __STDC_WANT_IEC_60559_ATTRIBS_EXT__ 1
| #define __STDC_WANT_IEC_60559_BFP_EXT__ 1
| #define __STDC_WANT_IEC_60559_DFP_EXT__ 1
| #define __STDC_WANT_IEC_60559_FUNCS_EXT__ 1
| #define __STDC_WANT_IEC_60559_TYPES_EXT__ 1
| #define __STDC_WANT_LIB_EXT2__ 1
| #define __STDC_WANT_MATH_SPEC_FUNCS__ 1
| #define _TANDEM_SOURCE 1
| #define __EXTENSIONS__ 1
| #define HAVE_PTHREAD_PRIO_INHERIT 1
| #define HAVE_PTHREAD_SETNAME_NP 1
| #define HAVE_DLFCN_H 1
| #define LT_OBJDIR ".libs/"
| #define CRYPTO_INTERNAL 1
| #define NETLINK_DEBUG 1
| #define DFLT_NAME "traditional"
| #define HAVE_LIBELF 1
| #define HAVE_ELF_GETDATA_RAWCHUNK 1
| #define HAVE_GELF_GETNOTE 1
| #define FRR_USER "frr"
| #define FRR_GROUP "frr"
| #define CONFIGFILE_MASK 0600
| #define LOGFILE_MASK 0600
| #define MULTIPATH_NUM 16
| #define LOG_TIMESTAMP_PRECISION 0
| #define VTYSH_PAGER "more"
| #define INTERP "/lib64/ld-linux-x86-64.so.2"
| #define HAVE_ASM_TYPES_H 1
| /* end confdefs.h.  */
| #include <stddef.h>
| #ifdef HAVE_STDIO_H
| # include <stdio.h>
| #endif
| #ifdef HAVE_STDLIB_H
| # include <stdlib.h>
| #endif
| #ifdef HAVE_STRING_H
| # include <string.h>
| #endif
| #ifdef HAVE_INTTYPES_H
| # include <inttypes.h>
| #endif
| #ifdef HAVE_STDINT_H
| # include <stdint.h>
| #endif
| #ifdef HAVE_STRINGS_H
| # include <strings.h>
| #endif
| #ifdef HAVE_SYS_TYPES_H
| # include <sys/types.h>
| #endif
| #ifdef HAVE_SYS_STAT_H
| # include <sys/stat.h>
| #endif
| #ifdef HAVE_UNISTD_H
| # include <unistd.h>
| #endif
| #include <sys/endian.h>
configure:27178: result: no
configure:27186: checking for endian.h
configure:27186: gcc -c  -g -O2 -I/root/.local/include conftest.c >&5
configure:27186: $? = 0
configure:27186: result: yes
configure:27197: checking for main in -latomic
configure:27217: gcc -o conftest  -g -O2 -I/root/.local/include -L/root/.local/lib -g conftest.c -latomic    >&5
configure:27217: $? = 0
configure:27227: result: yes
configure:27235: checking for stdatomic.h
configure:27235: gcc -c  -g -O2 -I/root/.local/include conftest.c >&5
configure:27235: $? = 0
configure:27235: result: yes
configure:27239: checking whether _Atomic qualifier works
configure:27251: gcc -o conftest  -g -O2 -I/root/.local/include -L/root/.local/lib -g conftest.c   -latomic >&5
configure:27251: $? = 0
configure:27257: result: yes
configure:27279: checking for Linux futex() support
configure:27307: gcc -o conftest  -g -O2 -I/root/.local/include -L/root/.local/lib -g conftest.c   -latomic >&5
configure:27307: $? = 0
configure:27310: result: yes
configure:27420: checking for netinet/in_var.h
configure:27420: gcc -c  -g -O2 -I/root/.local/include conftest.c >&5
conftest.c:78:10: fatal error: netinet/in_var.h: No such file or directory
   78 | #include <netinet/in_var.h>
      |          ^~~~~~~~~~~~~~~~~~
compilation terminated.
configure:27420: $? = 1
configure: failed program was:
| /* confdefs.h */
| #define PACKAGE_NAME "frr"
| #define PACKAGE_TARNAME "frr"
| #define PACKAGE_VERSION "10.6-dev"
| #define PACKAGE_STRING "frr 10.6-dev"
| #define PACKAGE_BUGREPORT "https://github.com/frrouting/frr/issues"
| #define PACKAGE_URL ""
| #define PACKAGE "frr"
| #define VERSION "10.6-dev"
| #define VICI_SOCKET "/var/run/charon.vici"
| #define HAVE_STDIO_H 1
| #define HAVE_STDLIB_H 1
| #define HAVE_STRING_H 1
| #define HAVE_INTTYPES_H 1
| #define HAVE_STDINT_H 1
| #define HAVE_STRINGS_H 1
| #define HAVE_SYS_STAT_H 1
| #define HAVE_SYS_TYPES_H 1
| #define HAVE_UNISTD_H 1
| #define HAVE_WCHAR_H 1
| #define STDC_HEADERS 1
| #define _ALL_SOURCE 1
| #define _DARWIN_C_SOURCE 1
| #define _GNU_SOURCE 1
| #define _HPUX_ALT_XOPEN_SOCKET_API 1
| #define _NETBSD_SOURCE 1
| #define _OPENBSD_SOURCE 1
| #define _POSIX_PTHREAD_SEMANTICS 1
| #define __STDC_WANT_IEC_60559_ATTRIBS_EXT__ 1
| #define __STDC_WANT_IEC_60559_BFP_EXT__ 1
| #define __STDC_WANT_IEC_60559_DFP_EXT__ 1
| #define __STDC_WANT_IEC_60559_FUNCS_EXT__ 1
| #define __STDC_WANT_IEC_60559_TYPES_EXT__ 1
| #define __STDC_WANT_LIB_EXT2__ 1
| #define __STDC_WANT_MATH_SPEC_FUNCS__ 1
| #define _TANDEM_SOURCE 1
| #define __EXTENSIONS__ 1
| #define HAVE_PTHREAD_PRIO_INHERIT 1
| #define HAVE_PTHREAD_SETNAME_NP 1
| #define HAVE_DLFCN_H 1
| #define LT_OBJDIR ".libs/"
| #define CRYPTO_INTERNAL 1
| #define NETLINK_DEBUG 1
| #define DFLT_NAME "traditional"
| #define HAVE_LIBELF 1
| #define HAVE_ELF_GETDATA_RAWCHUNK 1
| #define HAVE_GELF_GETNOTE 1
| #define FRR_USER "frr"
| #define FRR_GROUP "frr"
| #define CONFIGFILE_MASK 0600
| #define LOGFILE_MASK 0600
| #define MULTIPATH_NUM 16
| #define LOG_TIMESTAMP_PRECISION 0
| #define VTYSH_PAGER "more"
| #define INTERP "/lib64/ld-linux-x86-64.so.2"
| #define HAVE_ASM_TYPES_H 1
| #define HAVE_STDATOMIC_H 1
| #define HAVE_SYNC_LINUX_FUTEX /**/
| /* end confdefs.h.  */
| #ifdef SUNOS_5
| #define _POSIX_C_SOURCE 200809L
| #define __EXTENSIONS__
| #endif
| #include <stdio.h>
| #include <stdlib.h>
| #include <stddef.h>
| #include <sys/types.h>
| #include <sys/param.h>
| /* Required for MAXSIG */
| #include <signal.h>
| #include <sys/socket.h>
| #include <netinet/in.h>
| #include <sys/time.h>
| #include <time.h>
| #include <net/if.h>
| 
| 
| #include <netinet/in_var.h>
configure:27420: result: no
configure:27443: checking for netinet/ip_icmp.h
configure:27443: gcc -c  -g -O2 -I/root/.local/include conftest.c >&5
configure:27443: $? = 0
configure:27443: result: yes
configure:27468: checking for ucontext.h
configure:27468: gcc -c  -g -O2 -I/root/.local/include conftest.c >&5
configure:27468: $? = 0
configure:27468: result: yes
configure:27498: checking for ucontext_t.uc_mcontext.uc_regs
configure:27498: gcc -c  -g -O2 -I/root/.local/include conftest.c >&5
conftest.c: In function 'main':
conftest.c:68:25: error: 'mcontext_t' has no member named 'uc_regs'; did you mean 'gregs'?
   68 | if (ac_aggr.uc_mcontext.uc_regs)
      |                         ^~~~~~~
      |                         gregs
configure:27498: $? = 1
configure: failed program was:
| /* confdefs.h */
| #define PACKAGE_NAME "frr"
| #define PACKAGE_TARNAME "frr"
| #define PACKAGE_VERSION "10.6-dev"
| #define PACKAGE_STRING "frr 10.6-dev"
| #define PACKAGE_BUGREPORT "https://github.com/frrouting/frr/issues"
| #define PACKAGE_URL ""
| #define PACKAGE "frr"
| #define VERSION "10.6-dev"
| #define VICI_SOCKET "/var/run/charon.vici"
| #define HAVE_STDIO_H 1
| #define HAVE_STDLIB_H 1
| #define HAVE_STRING_H 1
| #define HAVE_INTTYPES_H 1
| #define HAVE_STDINT_H 1
| #define HAVE_STRINGS_H 1
| #define HAVE_SYS_STAT_H 1
| #define HAVE_SYS_TYPES_H 1
| #define HAVE_UNISTD_H 1
| #define HAVE_WCHAR_H 1
| #define STDC_HEADERS 1
| #define _ALL_SOURCE 1
| #define _DARWIN_C_SOURCE 1
| #define _GNU_SOURCE 1
| #define _HPUX_ALT_XOPEN_SOCKET_API 1
| #define _NETBSD_SOURCE 1
| #define _OPENBSD_SOURCE 1
| #define _POSIX_PTHREAD_SEMANTICS 1
| #define __STDC_WANT_IEC_60559_ATTRIBS_EXT__ 1
| #define __STDC_WANT_IEC_60559_BFP_EXT__ 1
| #define __STDC_WANT_IEC_60559_DFP_EXT__ 1
| #define __STDC_WANT_IEC_60559_FUNCS_EXT__ 1
| #define __STDC_WANT_IEC_60559_TYPES_EXT__ 1
| #define __STDC_WANT_LIB_EXT2__ 1
| #define __STDC_WANT_MATH_SPEC_FUNCS__ 1
| #define _TANDEM_SOURCE 1
| #define __EXTENSIONS__ 1
| #define HAVE_PTHREAD_PRIO_INHERIT 1
| #define HAVE_PTHREAD_SETNAME_NP 1
| #define HAVE_DLFCN_H 1
| #define LT_OBJDIR ".libs/"
| #define CRYPTO_INTERNAL 1
| #define NETLINK_DEBUG 1
| #define DFLT_NAME "traditional"
| #define HAVE_LIBELF 1
| #define HAVE_ELF_GETDATA_RAWCHUNK 1
| #define HAVE_GELF_GETNOTE 1
| #define FRR_USER "frr"
| #define FRR_GROUP "frr"
| #define CONFIGFILE_MASK 0600
| #define LOGFILE_MASK 0600
| #define MULTIPATH_NUM 16
| #define LOG_TIMESTAMP_PRECISION 0
| #define VTYSH_PAGER "more"
| #define INTERP "/lib64/ld-linux-x86-64.so.2"
| #define HAVE_ASM_TYPES_H 1
| #define HAVE_STDATOMIC_H 1
| #define HAVE_SYNC_LINUX_FUTEX /**/
| #define HAVE_NETINET_IP_ICMP_H 1
| #define HAVE_UCONTEXT_H 1
| /* end confdefs.h.  */
| #include <ucontext.h>
| 
| int
| main (void)
| {
| static ucontext_t ac_aggr;
| if (ac_aggr.uc_mcontext.uc_regs)
| return 0;
|   ;
|   return 0;
| }
configure:27498: gcc -c  -g -O2 -I/root/.local/include conftest.c >&5
conftest.c: In function 'main':
conftest.c:68:32: error: 'mcontext_t' has no member named 'uc_regs'; did you mean 'gregs'?
   68 | if (sizeof ac_aggr.uc_mcontext.uc_regs)
      |                                ^~~~~~~
      |                                gregs
configure:27498: $? = 1
configure: failed program was:
| /* confdefs.h */
| #define PACKAGE_NAME "frr"
| #define PACKAGE_TARNAME "frr"
| #define PACKAGE_VERSION "10.6-dev"
| #define PACKAGE_STRING "frr 10.6-dev"
| #define PACKAGE_BUGREPORT "https://github.com/frrouting/frr/issues"
| #define PACKAGE_URL ""
| #define PACKAGE "frr"
| #define VERSION "10.6-dev"
| #define VICI_SOCKET "/var/run/charon.vici"
| #define HAVE_STDIO_H 1
| #define HAVE_STDLIB_H 1
| #define HAVE_STRING_H 1
| #define HAVE_INTTYPES_H 1
| #define HAVE_STDINT_H 1
| #define HAVE_STRINGS_H 1
| #define HAVE_SYS_STAT_H 1
| #define HAVE_SYS_TYPES_H 1
| #define HAVE_UNISTD_H 1
| #define HAVE_WCHAR_H 1
| #define STDC_HEADERS 1
| #define _ALL_SOURCE 1
| #define _DARWIN_C_SOURCE 1
| #define _GNU_SOURCE 1
| #define _HPUX_ALT_XOPEN_SOCKET_API 1
| #define _NETBSD_SOURCE 1
| #define _OPENBSD_SOURCE 1
| #define _POSIX_PTHREAD_SEMANTICS 1
| #define __STDC_WANT_IEC_60559_ATTRIBS_EXT__ 1
| #define __STDC_WANT_IEC_60559_BFP_EXT__ 1
| #define __STDC_WANT_IEC_60559_DFP_EXT__ 1
| #define __STDC_WANT_IEC_60559_FUNCS_EXT__ 1
| #define __STDC_WANT_IEC_60559_TYPES_EXT__ 1
| #define __STDC_WANT_LIB_EXT2__ 1
| #define __STDC_WANT_MATH_SPEC_FUNCS__ 1
| #define _TANDEM_SOURCE 1
| #define __EXTENSIONS__ 1
| #define HAVE_PTHREAD_PRIO_INHERIT 1
| #define HAVE_PTHREAD_SETNAME_NP 1
| #define HAVE_DLFCN_H 1
| #define LT_OBJDIR ".libs/"
| #define CRYPTO_INTERNAL 1
| #define NETLINK_DEBUG 1
| #define DFLT_NAME "traditional"
| #define HAVE_LIBELF 1
| #define HAVE_ELF_GETDATA_RAWCHUNK 1
| #define HAVE_GELF_GETNOTE 1
| #define FRR_USER "frr"
| #define FRR_GROUP "frr"
| #define CONFIGFILE_MASK 0600
| #define LOGFILE_MASK 0600
| #define MULTIPATH_NUM 16
| #define LOG_TIMESTAMP_PRECISION 0
| #define VTYSH_PAGER "more"
| #define INTERP "/lib64/ld-linux-x86-64.so.2"
| #define HAVE_ASM_TYPES_H 1
| #define HAVE_STDATOMIC_H 1
| #define HAVE_SYNC_LINUX_FUTEX /**/
| #define HAVE_NETINET_IP_ICMP_H 1
| #define HAVE_UCONTEXT_H 1
| /* end confdefs.h.  */
| #include <ucontext.h>
| 
| int
| main (void)
| {
| static ucontext_t ac_aggr;
| if (sizeof ac_aggr.uc_mcontext.uc_regs)
| return 0;
|   ;
|   return 0;
| }
configure:27498: result: no
configure:27508: checking for ucontext_t.uc_mcontext.regs
configure:27508: gcc -c  -g -O2 -I/root/.local/include conftest.c >&5
conftest.c: In function 'main':
conftest.c:68:25: error: 'mcontext_t' has no member named 'regs'; did you mean 'gregs'?
   68 | if (ac_aggr.uc_mcontext.regs)
      |                         ^~~~
      |                         gregs
configure:27508: $? = 1
configure: failed program was:
| /* confdefs.h */
| #define PACKAGE_NAME "frr"
| #define PACKAGE_TARNAME "frr"
| #define PACKAGE_VERSION "10.6-dev"
| #define PACKAGE_STRING "frr 10.6-dev"
| #define PACKAGE_BUGREPORT "https://github.com/frrouting/frr/issues"
| #define PACKAGE_URL ""
| #define PACKAGE "frr"
| #define VERSION "10.6-dev"
| #define VICI_SOCKET "/var/run/charon.vici"
| #define HAVE_STDIO_H 1
| #define HAVE_STDLIB_H 1
| #define HAVE_STRING_H 1
| #define HAVE_INTTYPES_H 1
| #define HAVE_STDINT_H 1
| #define HAVE_STRINGS_H 1
| #define HAVE_SYS_STAT_H 1
| #define HAVE_SYS_TYPES_H 1
| #define HAVE_UNISTD_H 1
| #define HAVE_WCHAR_H 1
| #define STDC_HEADERS 1
| #define _ALL_SOURCE 1
| #define _DARWIN_C_SOURCE 1
| #define _GNU_SOURCE 1
| #define _HPUX_ALT_XOPEN_SOCKET_API 1
| #define _NETBSD_SOURCE 1
| #define _OPENBSD_SOURCE 1
| #define _POSIX_PTHREAD_SEMANTICS 1
| #define __STDC_WANT_IEC_60559_ATTRIBS_EXT__ 1
| #define __STDC_WANT_IEC_60559_BFP_EXT__ 1
| #define __STDC_WANT_IEC_60559_DFP_EXT__ 1
| #define __STDC_WANT_IEC_60559_FUNCS_EXT__ 1
| #define __STDC_WANT_IEC_60559_TYPES_EXT__ 1
| #define __STDC_WANT_LIB_EXT2__ 1
| #define __STDC_WANT_MATH_SPEC_FUNCS__ 1
| #define _TANDEM_SOURCE 1
| #define __EXTENSIONS__ 1
| #define HAVE_PTHREAD_PRIO_INHERIT 1
| #define HAVE_PTHREAD_SETNAME_NP 1
| #define HAVE_DLFCN_H 1
| #define LT_OBJDIR ".libs/"
| #define CRYPTO_INTERNAL 1
| #define NETLINK_DEBUG 1
| #define DFLT_NAME "traditional"
| #define HAVE_LIBELF 1
| #define HAVE_ELF_GETDATA_RAWCHUNK 1
| #define HAVE_GELF_GETNOTE 1
| #define FRR_USER "frr"
| #define FRR_GROUP "frr"
| #define CONFIGFILE_MASK 0600
| #define LOGFILE_MASK 0600
| #define MULTIPATH_NUM 16
| #define LOG_TIMESTAMP_PRECISION 0
| #define VTYSH_PAGER "more"
| #define INTERP "/lib64/ld-linux-x86-64.so.2"
| #define HAVE_ASM_TYPES_H 1
| #define HAVE_STDATOMIC_H 1
| #define HAVE_SYNC_LINUX_FUTEX /**/
| #define HAVE_NETINET_IP_ICMP_H 1
| #define HAVE_UCONTEXT_H 1
| /* end confdefs.h.  */
| #include <ucontext.h>
| 
| int
| main (void)
| {
| static ucontext_t ac_aggr;
| if (ac_aggr.uc_mcontext.regs)
| return 0;
|   ;
|   return 0;
| }
configure:27508: gcc -c  -g -O2 -I/root/.local/include conftest.c >&5
conftest.c: In function 'main':
conftest.c:68:32: error: 'mcontext_t' has no member named 'regs'; did you mean 'gregs'?
   68 | if (sizeof ac_aggr.uc_mcontext.regs)
      |                                ^~~~
      |                                gregs
configure:27508: $? = 1
configure: failed program was:
| /* confdefs.h */
| #define PACKAGE_NAME "frr"
| #define PACKAGE_TARNAME "frr"
| #define PACKAGE_VERSION "10.6-dev"
| #define PACKAGE_STRING "frr 10.6-dev"
| #define PACKAGE_BUGREPORT "https://github.com/frrouting/frr/issues"
| #define PACKAGE_URL ""
| #define PACKAGE "frr"
| #define VERSION "10.6-dev"
| #define VICI_SOCKET "/var/run/charon.vici"
| #define HAVE_STDIO_H 1
| #define HAVE_STDLIB_H 1
| #define HAVE_STRING_H 1
| #define HAVE_INTTYPES_H 1
| #define HAVE_STDINT_H 1
| #define HAVE_STRINGS_H 1
| #define HAVE_SYS_STAT_H 1
| #define HAVE_SYS_TYPES_H 1
| #define HAVE_UNISTD_H 1
| #define HAVE_WCHAR_H 1
| #define STDC_HEADERS 1
| #define _ALL_SOURCE 1
| #define _DARWIN_C_SOURCE 1
| #define _GNU_SOURCE 1
| #define _HPUX_ALT_XOPEN_SOCKET_API 1
| #define _NETBSD_SOURCE 1
| #define _OPENBSD_SOURCE 1
| #define _POSIX_PTHREAD_SEMANTICS 1
| #define __STDC_WANT_IEC_60559_ATTRIBS_EXT__ 1
| #define __STDC_WANT_IEC_60559_BFP_EXT__ 1
| #define __STDC_WANT_IEC_60559_DFP_EXT__ 1
| #define __STDC_WANT_IEC_60559_FUNCS_EXT__ 1
| #define __STDC_WANT_IEC_60559_TYPES_EXT__ 1
| #define __STDC_WANT_LIB_EXT2__ 1
| #define __STDC_WANT_MATH_SPEC_FUNCS__ 1
| #define _TANDEM_SOURCE 1
| #define __EXTENSIONS__ 1
| #define HAVE_PTHREAD_PRIO_INHERIT 1
| #define HAVE_PTHREAD_SETNAME_NP 1
| #define HAVE_DLFCN_H 1
| #define LT_OBJDIR ".libs/"
| #define CRYPTO_INTERNAL 1
| #define NETLINK_DEBUG 1
| #define DFLT_NAME "traditional"
| #define HAVE_LIBELF 1
| #define HAVE_ELF_GETDATA_RAWCHUNK 1
| #define HAVE_GELF_GETNOTE 1
| #define FRR_USER "frr"
| #define FRR_GROUP "frr"
| #define CONFIGFILE_MASK 0600
| #define LOGFILE_MASK 0600
| #define MULTIPATH_NUM 16
| #define LOG_TIMESTAMP_PRECISION 0
| #define VTYSH_PAGER "more"
| #define INTERP "/lib64/ld-linux-x86-64.so.2"
| #define HAVE_ASM_TYPES_H 1
| #define HAVE_STDATOMIC_H 1
| #define HAVE_SYNC_LINUX_FUTEX /**/
| #define HAVE_NETINET_IP_ICMP_H 1
| #define HAVE_UCONTEXT_H 1
| /* end confdefs.h.  */
| #include <ucontext.h>
| 
| int
| main (void)
| {
| static ucontext_t ac_aggr;
| if (sizeof ac_aggr.uc_mcontext.regs)
| return 0;
|   ;
|   return 0;
| }
configure:27508: result: no
configure:27527: checking for ucontext_t.uc_mcontext.gregs
configure:27527: gcc -c  -g -O2 -I/root/.local/include conftest.c >&5
configure:27527: $? = 0
configure:27527: result: yes
configure:27542: checking which operating system interface to use
configure:27552: result: Linux
configure:27611: checking for special C compiler options needed for large files
configure:27659: result: no
configure:27665: checking for _FILE_OFFSET_BITS value needed for large files
configure:27691: gcc -c  -g -O2 -I/root/.local/include conftest.c >&5
configure:27691: $? = 0
configure:27725: result: no
configure:27822: checking for strlcat
configure:27822: gcc -o conftest  -g -O2 -I/root/.local/include -L/root/.local/lib -g conftest.c   -latomic >&5
configure:27822: $? = 0
configure:27822: result: yes
configure:27828: checking for strlcpy
configure:27828: gcc -o conftest  -g -O2 -I/root/.local/include -L/root/.local/lib -g conftest.c   -latomic >&5
configure:27828: $? = 0
configure:27828: result: yes
configure:27834: checking for getgrouplist
configure:27834: gcc -o conftest  -g -O2 -I/root/.local/include -L/root/.local/lib -g conftest.c   -latomic >&5
configure:27834: $? = 0
configure:27834: result: yes
configure:27840: checking for getloadavg
configure:27840: gcc -o conftest  -g -O2 -I/root/.local/include -L/root/.local/lib -g conftest.c   -latomic >&5
configure:27840: $? = 0
configure:27840: result: yes
configure:27846: checking for openat
configure:27846: gcc -o conftest  -g -O2 -I/root/.local/include -L/root/.local/lib -g conftest.c   -latomic >&5
configure:27846: $? = 0
configure:27846: result: yes
configure:27852: checking for unlinkat
configure:27852: gcc -o conftest  -g -O2 -I/root/.local/include -L/root/.local/lib -g conftest.c   -latomic >&5
configure:27852: $? = 0
configure:27852: result: yes
configure:27858: checking for posix_fallocate
configure:27858: gcc -o conftest  -g -O2 -I/root/.local/include -L/root/.local/lib -g conftest.c   -latomic >&5
configure:27858: $? = 0
configure:27858: result: yes
configure:27864: checking for sendmmsg
configure:27864: gcc -o conftest  -g -O2 -I/root/.local/include -L/root/.local/lib -g conftest.c   -latomic >&5
configure:27864: $? = 0
configure:27864: result: yes
configure:27870: checking for explicit_bzero
configure:27870: gcc -o conftest  -g -O2 -I/root/.local/include -L/root/.local/lib -g conftest.c   -latomic >&5
configure:27870: $? = 0
configure:27870: result: yes
configure:27883: checking for struct mmsghdr.msg_hdr
configure:27883: gcc -c  -g -O2 -I/root/.local/include conftest.c >&5
conftest.c: In function 'main':
conftest.c:114:5: error: used struct type value where scalar is required
  114 | if (ac_aggr.msg_hdr)
      |     ^~~~~~~
configure:27883: $? = 1
configure: failed program was:
| /* confdefs.h */
| #define PACKAGE_NAME "frr"
| #define PACKAGE_TARNAME "frr"
| #define PACKAGE_VERSION "10.6-dev"
| #define PACKAGE_STRING "frr 10.6-dev"
| #define PACKAGE_BUGREPORT "https://github.com/frrouting/frr/issues"
| #define PACKAGE_URL ""
| #define PACKAGE "frr"
| #define VERSION "10.6-dev"
| #define VICI_SOCKET "/var/run/charon.vici"
| #define HAVE_STDIO_H 1
| #define HAVE_STDLIB_H 1
| #define HAVE_STRING_H 1
| #define HAVE_INTTYPES_H 1
| #define HAVE_STDINT_H 1
| #define HAVE_STRINGS_H 1
| #define HAVE_SYS_STAT_H 1
| #define HAVE_SYS_TYPES_H 1
| #define HAVE_UNISTD_H 1
| #define HAVE_WCHAR_H 1
| #define STDC_HEADERS 1
| #define _ALL_SOURCE 1
| #define _DARWIN_C_SOURCE 1
| #define _GNU_SOURCE 1
| #define _HPUX_ALT_XOPEN_SOCKET_API 1
| #define _NETBSD_SOURCE 1
| #define _OPENBSD_SOURCE 1
| #define _POSIX_PTHREAD_SEMANTICS 1
| #define __STDC_WANT_IEC_60559_ATTRIBS_EXT__ 1
| #define __STDC_WANT_IEC_60559_BFP_EXT__ 1
| #define __STDC_WANT_IEC_60559_DFP_EXT__ 1
| #define __STDC_WANT_IEC_60559_FUNCS_EXT__ 1
| #define __STDC_WANT_IEC_60559_TYPES_EXT__ 1
| #define __STDC_WANT_LIB_EXT2__ 1
| #define __STDC_WANT_MATH_SPEC_FUNCS__ 1
| #define _TANDEM_SOURCE 1
| #define __EXTENSIONS__ 1
| #define HAVE_PTHREAD_PRIO_INHERIT 1
| #define HAVE_PTHREAD_SETNAME_NP 1
| #define HAVE_DLFCN_H 1
| #define LT_OBJDIR ".libs/"
| #define CRYPTO_INTERNAL 1
| #define NETLINK_DEBUG 1
| #define DFLT_NAME "traditional"
| #define HAVE_LIBELF 1
| #define HAVE_ELF_GETDATA_RAWCHUNK 1
| #define HAVE_GELF_GETNOTE 1
| #define FRR_USER "frr"
| #define FRR_GROUP "frr"
| #define CONFIGFILE_MASK 0600
| #define LOGFILE_MASK 0600
| #define MULTIPATH_NUM 16
| #define LOG_TIMESTAMP_PRECISION 0
| #define VTYSH_PAGER "more"
| #define INTERP "/lib64/ld-linux-x86-64.so.2"
| #define HAVE_ASM_TYPES_H 1
| #define HAVE_STDATOMIC_H 1
| #define HAVE_SYNC_LINUX_FUTEX /**/
| #define HAVE_NETINET_IP_ICMP_H 1
| #define HAVE_UCONTEXT_H 1
| #define HAVE_UCONTEXT_T_UC_MCONTEXT_GREGS 1
| #define GNU_LINUX 1
| #define HAVE_NETLINK 1
| #define LINUX_IPV6 1
| #define IPV6_MINHOPCOUNT 73
| #define HAVE_STRLCAT 1
| #define HAVE_STRLCPY 1
| #define HAVE_GETGROUPLIST 1
| #define HAVE_GETLOADAVG 1
| #define HAVE_OPENAT 1
| #define HAVE_UNLINKAT 1
| #define HAVE_POSIX_FALLOCATE 1
| #define HAVE_SENDMMSG 1
| #define HAVE_EXPLICIT_BZERO 1
| /* end confdefs.h.  */
| #ifdef SUNOS_5
| #define _POSIX_C_SOURCE 200809L
| #define __EXTENSIONS__
| #endif
| #include <stdio.h>
| #include <stdlib.h>
| #include <stddef.h>
| #include <sys/types.h>
| #include <sys/param.h>
| /* Required for MAXSIG */
| #include <signal.h>
| #include <sys/socket.h>
| #include <netinet/in.h>
| #include <sys/time.h>
| #include <time.h>
| #include <net/if.h>
| 
| 
| #include <sys/un.h>
| #include <netinet/in_systm.h>
| #ifdef HAVE_NETINET_IN_VAR_H
| # include <netinet/in_var.h>
| #endif
| #ifndef __linux__
| # include <net/if_dl.h>
| #endif
| #include <net/route.h>
| #include <arpa/inet.h>
| /* Required for IDRP */
| #ifdef HAVE_NETINET_IP_ICMP_H
| # include <netinet/ip_icmp.h>
| #endif
| 
| 
| int
| main (void)
| {
| static struct mmsghdr ac_aggr;
| if (ac_aggr.msg_hdr)
| return 0;
|   ;
|   return 0;
| }
configure:27883: gcc -c  -g -O2 -I/root/.local/include conftest.c >&5
configure:27883: $? = 0
configure:27883: result: yes
configure:29729: checking for CARES (libcares)
configure:29736: $PKG_CONFIG --exists --print-errors "libcares"
configure:29739: $? = 0
configure:29753: $PKG_CONFIG --exists --print-errors "libcares"
configure:29756: $? = 0
configure:29798: result: yes
configure:29814: checking for struct utsname.domainname
configure:29814: gcc -c  -g -O2 -I/root/.local/include conftest.c >&5
configure:29814: $? = 0
configure:29814: result: yes
configure:29825: checking for netinet6/nd6.h
configure:29825: gcc -c  -g -O2 -I/root/.local/include conftest.c >&5
conftest.c:124:10: fatal error: netinet6/nd6.h: No such file or directory
  124 | #include <netinet6/nd6.h>
      |          ^~~~~~~~~~~~~~~~
compilation terminated.
configure:29825: $? = 1
configure: failed program was:
| /* confdefs.h */
| #define PACKAGE_NAME "frr"
| #define PACKAGE_TARNAME "frr"
| #define PACKAGE_VERSION "10.6-dev"
| #define PACKAGE_STRING "frr 10.6-dev"
| #define PACKAGE_BUGREPORT "https://github.com/frrouting/frr/issues"
| #define PACKAGE_URL ""
| #define PACKAGE "frr"
| #define VERSION "10.6-dev"
| #define VICI_SOCKET "/var/run/charon.vici"
| #define HAVE_STDIO_H 1
| #define HAVE_STDLIB_H 1
| #define HAVE_STRING_H 1
| #define HAVE_INTTYPES_H 1
| #define HAVE_STDINT_H 1
| #define HAVE_STRINGS_H 1
| #define HAVE_SYS_STAT_H 1
| #define HAVE_SYS_TYPES_H 1
| #define HAVE_UNISTD_H 1
| #define HAVE_WCHAR_H 1
| #define STDC_HEADERS 1
| #define _ALL_SOURCE 1
| #define _DARWIN_C_SOURCE 1
| #define _GNU_SOURCE 1
| #define _HPUX_ALT_XOPEN_SOCKET_API 1
| #define _NETBSD_SOURCE 1
| #define _OPENBSD_SOURCE 1
| #define _POSIX_PTHREAD_SEMANTICS 1
| #define __STDC_WANT_IEC_60559_ATTRIBS_EXT__ 1
| #define __STDC_WANT_IEC_60559_BFP_EXT__ 1
| #define __STDC_WANT_IEC_60559_DFP_EXT__ 1
| #define __STDC_WANT_IEC_60559_FUNCS_EXT__ 1
| #define __STDC_WANT_IEC_60559_TYPES_EXT__ 1
| #define __STDC_WANT_LIB_EXT2__ 1
| #define __STDC_WANT_MATH_SPEC_FUNCS__ 1
| #define _TANDEM_SOURCE 1
| #define __EXTENSIONS__ 1
| #define HAVE_PTHREAD_PRIO_INHERIT 1
| #define HAVE_PTHREAD_SETNAME_NP 1
| #define HAVE_DLFCN_H 1
| #define LT_OBJDIR ".libs/"
| #define CRYPTO_INTERNAL 1
| #define NETLINK_DEBUG 1
| #define DFLT_NAME "traditional"
| #define HAVE_LIBELF 1
| #define HAVE_ELF_GETDATA_RAWCHUNK 1
| #define HAVE_GELF_GETNOTE 1
| #define FRR_USER "frr"
| #define FRR_GROUP "frr"
| #define CONFIGFILE_MASK 0600
| #define LOGFILE_MASK 0600
| #define MULTIPATH_NUM 16
| #define LOG_TIMESTAMP_PRECISION 0
| #define VTYSH_PAGER "more"
| #define INTERP "/lib64/ld-linux-x86-64.so.2"
| #define HAVE_ASM_TYPES_H 1
| #define HAVE_STDATOMIC_H 1
| #define HAVE_SYNC_LINUX_FUTEX /**/
| #define HAVE_NETINET_IP_ICMP_H 1
| #define HAVE_UCONTEXT_H 1
| #define HAVE_UCONTEXT_T_UC_MCONTEXT_GREGS 1
| #define GNU_LINUX 1
| #define HAVE_NETLINK 1
| #define LINUX_IPV6 1
| #define IPV6_MINHOPCOUNT 73
| #define HAVE_STRLCAT 1
| #define HAVE_STRLCPY 1
| #define HAVE_GETGROUPLIST 1
| #define HAVE_GETLOADAVG 1
| #define HAVE_OPENAT 1
| #define HAVE_UNLINKAT 1
| #define HAVE_POSIX_FALLOCATE 1
| #define HAVE_SENDMMSG 1
| #define HAVE_EXPLICIT_BZERO 1
| #define HAVE_STRUCT_MMSGHDR_MSG_HDR 1
| #define HAVE_STRUCT_UTSNAME_DOMAINNAME 1
| /* end confdefs.h.  */
| #ifdef SUNOS_5
| #define _POSIX_C_SOURCE 200809L
| #define __EXTENSIONS__
| #endif
| #include <stdio.h>
| #include <stdlib.h>
| #include <stddef.h>
| #include <sys/types.h>
| #include <sys/param.h>
| /* Required for MAXSIG */
| #include <signal.h>
| #include <sys/socket.h>
| #include <netinet/in.h>
| #include <sys/time.h>
| #include <time.h>
| #include <net/if.h>
| 
| 
| #include <sys/un.h>
| #include <netinet/in_systm.h>
| #ifdef HAVE_NETINET_IN_VAR_H
| # include <netinet/in_var.h>
| #endif
| #ifndef __linux__
| # include <net/if_dl.h>
| #endif
| #include <net/route.h>
| #include <arpa/inet.h>
| /* Required for IDRP */
| #ifdef HAVE_NETINET_IP_ICMP_H
| # include <netinet/ip_icmp.h>
| #endif
| 
| #ifdef HAVE_LINUX_MROUTE_H
| # include <linux/mroute.h>
| #endif
| 
| #ifdef HAVE_NETINET_IP_MROUTE_H
| # include <netinet/ip_mroute.h>
| #endif
| 
| #ifdef HAVE_NETINET_IP6_MROUTE_H
| # include <netinet6/ip6_mroute.h>
| #endif
| 
| 
| #include <netinet6/nd6.h>
configure:29825: result: no
configure:31718: checking for struct sockaddr_dl
configure:31718: gcc -c  -g -O2 -I/root/.local/include conftest.c >&5
conftest.c: In function 'main':
conftest.c:156:13: error: invalid application of 'sizeof' to incomplete type 'struct sockaddr_dl'
  156 | if (sizeof (struct sockaddr_dl))
      |             ^~~~~~
configure:31718: $? = 1
configure: failed program was:
| /* confdefs.h */
| #define PACKAGE_NAME "frr"
| #define PACKAGE_TARNAME "frr"
| #define PACKAGE_VERSION "10.6-dev"
| #define PACKAGE_STRING "frr 10.6-dev"
| #define PACKAGE_BUGREPORT "https://github.com/frrouting/frr/issues"
| #define PACKAGE_URL ""
| #define PACKAGE "frr"
| #define VERSION "10.6-dev"
| #define VICI_SOCKET "/var/run/charon.vici"
| #define HAVE_STDIO_H 1
| #define HAVE_STDLIB_H 1
| #define HAVE_STRING_H 1
| #define HAVE_INTTYPES_H 1
| #define HAVE_STDINT_H 1
| #define HAVE_STRINGS_H 1
| #define HAVE_SYS_STAT_H 1
| #define HAVE_SYS_TYPES_H 1
| #define HAVE_UNISTD_H 1
| #define HAVE_WCHAR_H 1
| #define STDC_HEADERS 1
| #define _ALL_SOURCE 1
| #define _DARWIN_C_SOURCE 1
| #define _GNU_SOURCE 1
| #define _HPUX_ALT_XOPEN_SOCKET_API 1
| #define _NETBSD_SOURCE 1
| #define _OPENBSD_SOURCE 1
| #define _POSIX_PTHREAD_SEMANTICS 1
| #define __STDC_WANT_IEC_60559_ATTRIBS_EXT__ 1
| #define __STDC_WANT_IEC_60559_BFP_EXT__ 1
| #define __STDC_WANT_IEC_60559_DFP_EXT__ 1
| #define __STDC_WANT_IEC_60559_FUNCS_EXT__ 1
| #define __STDC_WANT_IEC_60559_TYPES_EXT__ 1
| #define __STDC_WANT_LIB_EXT2__ 1
| #define __STDC_WANT_MATH_SPEC_FUNCS__ 1
| #define _TANDEM_SOURCE 1
| #define __EXTENSIONS__ 1
| #define HAVE_PTHREAD_PRIO_INHERIT 1
| #define HAVE_PTHREAD_SETNAME_NP 1
| #define HAVE_DLFCN_H 1
| #define LT_OBJDIR ".libs/"
| #define CRYPTO_INTERNAL 1
| #define NETLINK_DEBUG 1
| #define DFLT_NAME "traditional"
| #define HAVE_LIBELF 1
| #define HAVE_ELF_GETDATA_RAWCHUNK 1
| #define HAVE_GELF_GETNOTE 1
| #define FRR_USER "frr"
| #define FRR_GROUP "frr"
| #define CONFIGFILE_MASK 0600
| #define LOGFILE_MASK 0600
| #define MULTIPATH_NUM 16
| #define LOG_TIMESTAMP_PRECISION 0
| #define VTYSH_PAGER "more"
| #define INTERP "/lib64/ld-linux-x86-64.so.2"
| #define HAVE_ASM_TYPES_H 1
| #define HAVE_STDATOMIC_H 1
| #define HAVE_SYNC_LINUX_FUTEX /**/
| #define HAVE_NETINET_IP_ICMP_H 1
| #define HAVE_UCONTEXT_H 1
| #define HAVE_UCONTEXT_T_UC_MCONTEXT_GREGS 1
| #define GNU_LINUX 1
| #define HAVE_NETLINK 1
| #define LINUX_IPV6 1
| #define IPV6_MINHOPCOUNT 73
| #define HAVE_STRLCAT 1
| #define HAVE_STRLCPY 1
| #define HAVE_GETGROUPLIST 1
| #define HAVE_GETLOADAVG 1
| #define HAVE_OPENAT 1
| #define HAVE_UNLINKAT 1
| #define HAVE_POSIX_FALLOCATE 1
| #define HAVE_SENDMMSG 1
| #define HAVE_EXPLICIT_BZERO 1
| #define HAVE_STRUCT_MMSGHDR_MSG_HDR 1
| #define HAVE_STRUCT_UTSNAME_DOMAINNAME 1
| #define HAVE_BGPD 1
| #define HAVE_MGMTD 1
| #define HAVE_RIPD 1
| #define HAVE_RIPNGD 1
| #define HAVE_OSPFD 1
| #define HAVE_OSPF6D 1
| #define HAVE_LDPD 1
| #define HAVE_NHRPD 1
| #define HAVE_EIGRPD 1
| #define HAVE_BABELD 1
| #define HAVE_ISISD 1
| #define HAVE_PIMD 1
| #define HAVE_PIM6D 1
| #define HAVE_PBRD 1
| #define HAVE_STATICD 1
| #define HAVE_FABRICD 1
| #define HAVE_VRRPD 1
| #define HAVE_BFDD 1
| #define BFD_LINUX 1
| #define HAVE_PATHD 1
| #define SUPPORT_OSPF_API 1
| #define DISABLE_BGP_ANNOUNCE 0
| #define ENABLE_BGP_VNC 1
| #define ENABLE_VERSION_BUILD_CONFIG 1
| /* end confdefs.h.  */
| #ifdef SUNOS_5
| #define _POSIX_C_SOURCE 200809L
| #define __EXTENSIONS__
| #endif
| #include <stdio.h>
| #include <stdlib.h>
| #include <stddef.h>
| #include <sys/types.h>
| #include <sys/param.h>
| /* Required for MAXSIG */
| #include <signal.h>
| #include <sys/socket.h>
| #include <netinet/in.h>
| #include <sys/time.h>
| #include <time.h>
| #include <net/if.h>
| 
| 
| #include <sys/un.h>
| #include <netinet/in_systm.h>
| #ifdef HAVE_NETINET_IN_VAR_H
| # include <netinet/in_var.h>
| #endif
| #ifndef __linux__
| # include <net/if_dl.h>
| #endif
| #include <net/route.h>
| #include <arpa/inet.h>
| /* Required for IDRP */
| #ifdef HAVE_NETINET_IP_ICMP_H
| # include <netinet/ip_icmp.h>
| #endif
| 
| #ifdef HAVE_LINUX_MROUTE_H
| # include <linux/mroute.h>
| #endif
| 
| #ifdef HAVE_NETINET_IP_MROUTE_H
| # include <netinet/ip_mroute.h>
| #endif
| 
| #ifdef HAVE_NETINET_IP6_MROUTE_H
| # include <netinet6/ip6_mroute.h>
| #endif
| 
| #include <netinet/icmp6.h>
| #ifdef HAVE_NETINET6_ND6_H
| # include <netinet6/nd6.h>
| #endif
| 
| 
| int
| main (void)
| {
| if (sizeof (struct sockaddr_dl))
| 	 return 0;
|   ;
|   return 0;
| }
configure:31718: result: no
configure:31776: checking for struct vifctl
configure:31776: gcc -c  -g -O2 -I/root/.local/include conftest.c >&5
conftest.c: In function 'main':
conftest.c:156:13: error: invalid application of 'sizeof' to incomplete type 'struct vifctl'
  156 | if (sizeof (struct vifctl))
      |             ^~~~~~
configure:31776: $? = 1
configure: failed program was:
| /* confdefs.h */
| #define PACKAGE_NAME "frr"
| #define PACKAGE_TARNAME "frr"
| #define PACKAGE_VERSION "10.6-dev"
| #define PACKAGE_STRING "frr 10.6-dev"
| #define PACKAGE_BUGREPORT "https://github.com/frrouting/frr/issues"
| #define PACKAGE_URL ""
| #define PACKAGE "frr"
| #define VERSION "10.6-dev"
| #define VICI_SOCKET "/var/run/charon.vici"
| #define HAVE_STDIO_H 1
| #define HAVE_STDLIB_H 1
| #define HAVE_STRING_H 1
| #define HAVE_INTTYPES_H 1
| #define HAVE_STDINT_H 1
| #define HAVE_STRINGS_H 1
| #define HAVE_SYS_STAT_H 1
| #define HAVE_SYS_TYPES_H 1
| #define HAVE_UNISTD_H 1
| #define HAVE_WCHAR_H 1
| #define STDC_HEADERS 1
| #define _ALL_SOURCE 1
| #define _DARWIN_C_SOURCE 1
| #define _GNU_SOURCE 1
| #define _HPUX_ALT_XOPEN_SOCKET_API 1
| #define _NETBSD_SOURCE 1
| #define _OPENBSD_SOURCE 1
| #define _POSIX_PTHREAD_SEMANTICS 1
| #define __STDC_WANT_IEC_60559_ATTRIBS_EXT__ 1
| #define __STDC_WANT_IEC_60559_BFP_EXT__ 1
| #define __STDC_WANT_IEC_60559_DFP_EXT__ 1
| #define __STDC_WANT_IEC_60559_FUNCS_EXT__ 1
| #define __STDC_WANT_IEC_60559_TYPES_EXT__ 1
| #define __STDC_WANT_LIB_EXT2__ 1
| #define __STDC_WANT_MATH_SPEC_FUNCS__ 1
| #define _TANDEM_SOURCE 1
| #define __EXTENSIONS__ 1
| #define HAVE_PTHREAD_PRIO_INHERIT 1
| #define HAVE_PTHREAD_SETNAME_NP 1
| #define HAVE_DLFCN_H 1
| #define LT_OBJDIR ".libs/"
| #define CRYPTO_INTERNAL 1
| #define NETLINK_DEBUG 1
| #define DFLT_NAME "traditional"
| #define HAVE_LIBELF 1
| #define HAVE_ELF_GETDATA_RAWCHUNK 1
| #define HAVE_GELF_GETNOTE 1
| #define FRR_USER "frr"
| #define FRR_GROUP "frr"
| #define CONFIGFILE_MASK 0600
| #define LOGFILE_MASK 0600
| #define MULTIPATH_NUM 16
| #define LOG_TIMESTAMP_PRECISION 0
| #define VTYSH_PAGER "more"
| #define INTERP "/lib64/ld-linux-x86-64.so.2"
| #define HAVE_ASM_TYPES_H 1
| #define HAVE_STDATOMIC_H 1
| #define HAVE_SYNC_LINUX_FUTEX /**/
| #define HAVE_NETINET_IP_ICMP_H 1
| #define HAVE_UCONTEXT_H 1
| #define HAVE_UCONTEXT_T_UC_MCONTEXT_GREGS 1
| #define GNU_LINUX 1
| #define HAVE_NETLINK 1
| #define LINUX_IPV6 1
| #define IPV6_MINHOPCOUNT 73
| #define HAVE_STRLCAT 1
| #define HAVE_STRLCPY 1
| #define HAVE_GETGROUPLIST 1
| #define HAVE_GETLOADAVG 1
| #define HAVE_OPENAT 1
| #define HAVE_UNLINKAT 1
| #define HAVE_POSIX_FALLOCATE 1
| #define HAVE_SENDMMSG 1
| #define HAVE_EXPLICIT_BZERO 1
| #define HAVE_STRUCT_MMSGHDR_MSG_HDR 1
| #define HAVE_STRUCT_UTSNAME_DOMAINNAME 1
| #define HAVE_BGPD 1
| #define HAVE_MGMTD 1
| #define HAVE_RIPD 1
| #define HAVE_RIPNGD 1
| #define HAVE_OSPFD 1
| #define HAVE_OSPF6D 1
| #define HAVE_LDPD 1
| #define HAVE_NHRPD 1
| #define HAVE_EIGRPD 1
| #define HAVE_BABELD 1
| #define HAVE_ISISD 1
| #define HAVE_PIMD 1
| #define HAVE_PIM6D 1
| #define HAVE_PBRD 1
| #define HAVE_STATICD 1
| #define HAVE_FABRICD 1
| #define HAVE_VRRPD 1
| #define HAVE_BFDD 1
| #define BFD_LINUX 1
| #define HAVE_PATHD 1
| #define SUPPORT_OSPF_API 1
| #define DISABLE_BGP_ANNOUNCE 0
| #define ENABLE_BGP_VNC 1
| #define ENABLE_VERSION_BUILD_CONFIG 1
| /* end confdefs.h.  */
| #ifdef SUNOS_5
| #define _POSIX_C_SOURCE 200809L
| #define __EXTENSIONS__
| #endif
| #include <stdio.h>
| #include <stdlib.h>
| #include <stddef.h>
| #include <sys/types.h>
| #include <sys/param.h>
| /* Required for MAXSIG */
| #include <signal.h>
| #include <sys/socket.h>
| #include <netinet/in.h>
| #include <sys/time.h>
| #include <time.h>
| #include <net/if.h>
| 
| 
| #include <sys/un.h>
| #include <netinet/in_systm.h>
| #ifdef HAVE_NETINET_IN_VAR_H
| # include <netinet/in_var.h>
| #endif
| #ifndef __linux__
| # include <net/if_dl.h>
| #endif
| #include <net/route.h>
| #include <arpa/inet.h>
| /* Required for IDRP */
| #ifdef HAVE_NETINET_IP_ICMP_H
| # include <netinet/ip_icmp.h>
| #endif
| 
| #ifdef HAVE_LINUX_MROUTE_H
| # include <linux/mroute.h>
| #endif
| 
| #ifdef HAVE_NETINET_IP_MROUTE_H
| # include <netinet/ip_mroute.h>
| #endif
| 
| #ifdef HAVE_NETINET_IP6_MROUTE_H
| # include <netinet6/ip6_mroute.h>
| #endif
| 
| #include <netinet/icmp6.h>
| #ifdef HAVE_NETINET6_ND6_H
| # include <netinet6/nd6.h>
| #endif
| 
| 
| int
| main (void)
| {
| if (sizeof (struct vifctl))
| 	 return 0;
|   ;
|   return 0;
| }
configure:31776: result: no
configure:31834: checking for struct mfcctl
configure:31834: gcc -c  -g -O2 -I/root/.local/include conftest.c >&5
conftest.c: In function 'main':
conftest.c:156:13: error: invalid application of 'sizeof' to incomplete type 'struct mfcctl'
  156 | if (sizeof (struct mfcctl))
      |             ^~~~~~
configure:31834: $? = 1
configure: failed program was:
| /* confdefs.h */
| #define PACKAGE_NAME "frr"
| #define PACKAGE_TARNAME "frr"
| #define PACKAGE_VERSION "10.6-dev"
| #define PACKAGE_STRING "frr 10.6-dev"
| #define PACKAGE_BUGREPORT "https://github.com/frrouting/frr/issues"
| #define PACKAGE_URL ""
| #define PACKAGE "frr"
| #define VERSION "10.6-dev"
| #define VICI_SOCKET "/var/run/charon.vici"
| #define HAVE_STDIO_H 1
| #define HAVE_STDLIB_H 1
| #define HAVE_STRING_H 1
| #define HAVE_INTTYPES_H 1
| #define HAVE_STDINT_H 1
| #define HAVE_STRINGS_H 1
| #define HAVE_SYS_STAT_H 1
| #define HAVE_SYS_TYPES_H 1
| #define HAVE_UNISTD_H 1
| #define HAVE_WCHAR_H 1
| #define STDC_HEADERS 1
| #define _ALL_SOURCE 1
| #define _DARWIN_C_SOURCE 1
| #define _GNU_SOURCE 1
| #define _HPUX_ALT_XOPEN_SOCKET_API 1
| #define _NETBSD_SOURCE 1
| #define _OPENBSD_SOURCE 1
| #define _POSIX_PTHREAD_SEMANTICS 1
| #define __STDC_WANT_IEC_60559_ATTRIBS_EXT__ 1
| #define __STDC_WANT_IEC_60559_BFP_EXT__ 1
| #define __STDC_WANT_IEC_60559_DFP_EXT__ 1
| #define __STDC_WANT_IEC_60559_FUNCS_EXT__ 1
| #define __STDC_WANT_IEC_60559_TYPES_EXT__ 1
| #define __STDC_WANT_LIB_EXT2__ 1
| #define __STDC_WANT_MATH_SPEC_FUNCS__ 1
| #define _TANDEM_SOURCE 1
| #define __EXTENSIONS__ 1
| #define HAVE_PTHREAD_PRIO_INHERIT 1
| #define HAVE_PTHREAD_SETNAME_NP 1
| #define HAVE_DLFCN_H 1
| #define LT_OBJDIR ".libs/"
| #define CRYPTO_INTERNAL 1
| #define NETLINK_DEBUG 1
| #define DFLT_NAME "traditional"
| #define HAVE_LIBELF 1
| #define HAVE_ELF_GETDATA_RAWCHUNK 1
| #define HAVE_GELF_GETNOTE 1
| #define FRR_USER "frr"
| #define FRR_GROUP "frr"
| #define CONFIGFILE_MASK 0600
| #define LOGFILE_MASK 0600
| #define MULTIPATH_NUM 16
| #define LOG_TIMESTAMP_PRECISION 0
| #define VTYSH_PAGER "more"
| #define INTERP "/lib64/ld-linux-x86-64.so.2"
| #define HAVE_ASM_TYPES_H 1
| #define HAVE_STDATOMIC_H 1
| #define HAVE_SYNC_LINUX_FUTEX /**/
| #define HAVE_NETINET_IP_ICMP_H 1
| #define HAVE_UCONTEXT_H 1
| #define HAVE_UCONTEXT_T_UC_MCONTEXT_GREGS 1
| #define GNU_LINUX 1
| #define HAVE_NETLINK 1
| #define LINUX_IPV6 1
| #define IPV6_MINHOPCOUNT 73
| #define HAVE_STRLCAT 1
| #define HAVE_STRLCPY 1
| #define HAVE_GETGROUPLIST 1
| #define HAVE_GETLOADAVG 1
| #define HAVE_OPENAT 1
| #define HAVE_UNLINKAT 1
| #define HAVE_POSIX_FALLOCATE 1
| #define HAVE_SENDMMSG 1
| #define HAVE_EXPLICIT_BZERO 1
| #define HAVE_STRUCT_MMSGHDR_MSG_HDR 1
| #define HAVE_STRUCT_UTSNAME_DOMAINNAME 1
| #define HAVE_BGPD 1
| #define HAVE_MGMTD 1
| #define HAVE_RIPD 1
| #define HAVE_RIPNGD 1
| #define HAVE_OSPFD 1
| #define HAVE_OSPF6D 1
| #define HAVE_LDPD 1
| #define HAVE_NHRPD 1
| #define HAVE_EIGRPD 1
| #define HAVE_BABELD 1
| #define HAVE_ISISD 1
| #define HAVE_PIMD 1
| #define HAVE_PIM6D 1
| #define HAVE_PBRD 1
| #define HAVE_STATICD 1
| #define HAVE_FABRICD 1
| #define HAVE_VRRPD 1
| #define HAVE_BFDD 1
| #define BFD_LINUX 1
| #define HAVE_PATHD 1
| #define SUPPORT_OSPF_API 1
| #define DISABLE_BGP_ANNOUNCE 0
| #define ENABLE_BGP_VNC 1
| #define ENABLE_VERSION_BUILD_CONFIG 1
| /* end confdefs.h.  */
| #ifdef SUNOS_5
| #define _POSIX_C_SOURCE 200809L
| #define __EXTENSIONS__
| #endif
| #include <stdio.h>
| #include <stdlib.h>
| #include <stddef.h>
| #include <sys/types.h>
| #include <sys/param.h>
| /* Required for MAXSIG */
| #include <signal.h>
| #include <sys/socket.h>
| #include <netinet/in.h>
| #include <sys/time.h>
| #include <time.h>
| #include <net/if.h>
| 
| 
| #include <sys/un.h>
| #include <netinet/in_systm.h>
| #ifdef HAVE_NETINET_IN_VAR_H
| # include <netinet/in_var.h>
| #endif
| #ifndef __linux__
| # include <net/if_dl.h>
| #endif
| #include <net/route.h>
| #include <arpa/inet.h>
| /* Required for IDRP */
| #ifdef HAVE_NETINET_IP_ICMP_H
| # include <netinet/ip_icmp.h>
| #endif
| 
| #ifdef HAVE_LINUX_MROUTE_H
| # include <linux/mroute.h>
| #endif
| 
| #ifdef HAVE_NETINET_IP_MROUTE_H
| # include <netinet/ip_mroute.h>
| #endif
| 
| #ifdef HAVE_NETINET_IP6_MROUTE_H
| # include <netinet6/ip6_mroute.h>
| #endif
| 
| #include <netinet/icmp6.h>
| #ifdef HAVE_NETINET6_ND6_H
| # include <netinet6/nd6.h>
| #endif
| 
| 
| int
| main (void)
| {
| if (sizeof (struct mfcctl))
| 	 return 0;
|   ;
|   return 0;
| }
configure:31834: result: no
configure:31892: checking for struct sioc_sg_req
configure:31892: gcc -c  -g -O2 -I/root/.local/include conftest.c >&5
conftest.c: In function 'main':
conftest.c:156:13: error: invalid application of 'sizeof' to incomplete type 'struct sioc_sg_req'
  156 | if (sizeof (struct sioc_sg_req))
      |             ^~~~~~
configure:31892: $? = 1
configure: failed program was:
| /* confdefs.h */
| #define PACKAGE_NAME "frr"
| #define PACKAGE_TARNAME "frr"
| #define PACKAGE_VERSION "10.6-dev"
| #define PACKAGE_STRING "frr 10.6-dev"
| #define PACKAGE_BUGREPORT "https://github.com/frrouting/frr/issues"
| #define PACKAGE_URL ""
| #define PACKAGE "frr"
| #define VERSION "10.6-dev"
| #define VICI_SOCKET "/var/run/charon.vici"
| #define HAVE_STDIO_H 1
| #define HAVE_STDLIB_H 1
| #define HAVE_STRING_H 1
| #define HAVE_INTTYPES_H 1
| #define HAVE_STDINT_H 1
| #define HAVE_STRINGS_H 1
| #define HAVE_SYS_STAT_H 1
| #define HAVE_SYS_TYPES_H 1
| #define HAVE_UNISTD_H 1
| #define HAVE_WCHAR_H 1
| #define STDC_HEADERS 1
| #define _ALL_SOURCE 1
| #define _DARWIN_C_SOURCE 1
| #define _GNU_SOURCE 1
| #define _HPUX_ALT_XOPEN_SOCKET_API 1
| #define _NETBSD_SOURCE 1
| #define _OPENBSD_SOURCE 1
| #define _POSIX_PTHREAD_SEMANTICS 1
| #define __STDC_WANT_IEC_60559_ATTRIBS_EXT__ 1
| #define __STDC_WANT_IEC_60559_BFP_EXT__ 1
| #define __STDC_WANT_IEC_60559_DFP_EXT__ 1
| #define __STDC_WANT_IEC_60559_FUNCS_EXT__ 1
| #define __STDC_WANT_IEC_60559_TYPES_EXT__ 1
| #define __STDC_WANT_LIB_EXT2__ 1
| #define __STDC_WANT_MATH_SPEC_FUNCS__ 1
| #define _TANDEM_SOURCE 1
| #define __EXTENSIONS__ 1
| #define HAVE_PTHREAD_PRIO_INHERIT 1
| #define HAVE_PTHREAD_SETNAME_NP 1
| #define HAVE_DLFCN_H 1
| #define LT_OBJDIR ".libs/"
| #define CRYPTO_INTERNAL 1
| #define NETLINK_DEBUG 1
| #define DFLT_NAME "traditional"
| #define HAVE_LIBELF 1
| #define HAVE_ELF_GETDATA_RAWCHUNK 1
| #define HAVE_GELF_GETNOTE 1
| #define FRR_USER "frr"
| #define FRR_GROUP "frr"
| #define CONFIGFILE_MASK 0600
| #define LOGFILE_MASK 0600
| #define MULTIPATH_NUM 16
| #define LOG_TIMESTAMP_PRECISION 0
| #define VTYSH_PAGER "more"
| #define INTERP "/lib64/ld-linux-x86-64.so.2"
| #define HAVE_ASM_TYPES_H 1
| #define HAVE_STDATOMIC_H 1
| #define HAVE_SYNC_LINUX_FUTEX /**/
| #define HAVE_NETINET_IP_ICMP_H 1
| #define HAVE_UCONTEXT_H 1
| #define HAVE_UCONTEXT_T_UC_MCONTEXT_GREGS 1
| #define GNU_LINUX 1
| #define HAVE_NETLINK 1
| #define LINUX_IPV6 1
| #define IPV6_MINHOPCOUNT 73
| #define HAVE_STRLCAT 1
| #define HAVE_STRLCPY 1
| #define HAVE_GETGROUPLIST 1
| #define HAVE_GETLOADAVG 1
| #define HAVE_OPENAT 1
| #define HAVE_UNLINKAT 1
| #define HAVE_POSIX_FALLOCATE 1
| #define HAVE_SENDMMSG 1
| #define HAVE_EXPLICIT_BZERO 1
| #define HAVE_STRUCT_MMSGHDR_MSG_HDR 1
| #define HAVE_STRUCT_UTSNAME_DOMAINNAME 1
| #define HAVE_BGPD 1
| #define HAVE_MGMTD 1
| #define HAVE_RIPD 1
| #define HAVE_RIPNGD 1
| #define HAVE_OSPFD 1
| #define HAVE_OSPF6D 1
| #define HAVE_LDPD 1
| #define HAVE_NHRPD 1
| #define HAVE_EIGRPD 1
| #define HAVE_BABELD 1
| #define HAVE_ISISD 1
| #define HAVE_PIMD 1
| #define HAVE_PIM6D 1
| #define HAVE_PBRD 1
| #define HAVE_STATICD 1
| #define HAVE_FABRICD 1
| #define HAVE_VRRPD 1
| #define HAVE_BFDD 1
| #define BFD_LINUX 1
| #define HAVE_PATHD 1
| #define SUPPORT_OSPF_API 1
| #define DISABLE_BGP_ANNOUNCE 0
| #define ENABLE_BGP_VNC 1
| #define ENABLE_VERSION_BUILD_CONFIG 1
| /* end confdefs.h.  */
| #ifdef SUNOS_5
| #define _POSIX_C_SOURCE 200809L
| #define __EXTENSIONS__
| #endif
| #include <stdio.h>
| #include <stdlib.h>
| #include <stddef.h>
| #include <sys/types.h>
| #include <sys/param.h>
| /* Required for MAXSIG */
| #include <signal.h>
| #include <sys/socket.h>
| #include <netinet/in.h>
| #include <sys/time.h>
| #include <time.h>
| #include <net/if.h>
| 
| 
| #include <sys/un.h>
| #include <netinet/in_systm.h>
| #ifdef HAVE_NETINET_IN_VAR_H
| # include <netinet/in_var.h>
| #endif
| #ifndef __linux__
| # include <net/if_dl.h>
| #endif
| #include <net/route.h>
| #include <arpa/inet.h>
| /* Required for IDRP */
| #ifdef HAVE_NETINET_IP_ICMP_H
| # include <netinet/ip_icmp.h>
| #endif
| 
| #ifdef HAVE_LINUX_MROUTE_H
| # include <linux/mroute.h>
| #endif
| 
| #ifdef HAVE_NETINET_IP_MROUTE_H
| # include <netinet/ip_mroute.h>
| #endif
| 
| #ifdef HAVE_NETINET_IP6_MROUTE_H
| # include <netinet6/ip6_mroute.h>
| #endif
| 
| #include <netinet/icmp6.h>
| #ifdef HAVE_NETINET6_ND6_H
| # include <netinet6/nd6.h>
| #endif
| 
| 
| int
| main (void)
| {
| if (sizeof (struct sioc_sg_req))
| 	 return 0;
|   ;
|   return 0;
| }
configure:31892: result: no
configure:31950: checking for vifi_t
configure:31950: gcc -c  -g -O2 -I/root/.local/include conftest.c >&5
conftest.c: In function 'main':
conftest.c:156:13: error: 'vifi_t' undeclared (first use in this function)
  156 | if (sizeof (vifi_t))
      |             ^~~~~~
conftest.c:156:13: note: each undeclared identifier is reported only once for each function it appears in
configure:31950: $? = 1
configure: failed program was:
| /* confdefs.h */
| #define PACKAGE_NAME "frr"
| #define PACKAGE_TARNAME "frr"
| #define PACKAGE_VERSION "10.6-dev"
| #define PACKAGE_STRING "frr 10.6-dev"
| #define PACKAGE_BUGREPORT "https://github.com/frrouting/frr/issues"
| #define PACKAGE_URL ""
| #define PACKAGE "frr"
| #define VERSION "10.6-dev"
| #define VICI_SOCKET "/var/run/charon.vici"
| #define HAVE_STDIO_H 1
| #define HAVE_STDLIB_H 1
| #define HAVE_STRING_H 1
| #define HAVE_INTTYPES_H 1
| #define HAVE_STDINT_H 1
| #define HAVE_STRINGS_H 1
| #define HAVE_SYS_STAT_H 1
| #define HAVE_SYS_TYPES_H 1
| #define HAVE_UNISTD_H 1
| #define HAVE_WCHAR_H 1
| #define STDC_HEADERS 1
| #define _ALL_SOURCE 1
| #define _DARWIN_C_SOURCE 1
| #define _GNU_SOURCE 1
| #define _HPUX_ALT_XOPEN_SOCKET_API 1
| #define _NETBSD_SOURCE 1
| #define _OPENBSD_SOURCE 1
| #define _POSIX_PTHREAD_SEMANTICS 1
| #define __STDC_WANT_IEC_60559_ATTRIBS_EXT__ 1
| #define __STDC_WANT_IEC_60559_BFP_EXT__ 1
| #define __STDC_WANT_IEC_60559_DFP_EXT__ 1
| #define __STDC_WANT_IEC_60559_FUNCS_EXT__ 1
| #define __STDC_WANT_IEC_60559_TYPES_EXT__ 1
| #define __STDC_WANT_LIB_EXT2__ 1
| #define __STDC_WANT_MATH_SPEC_FUNCS__ 1
| #define _TANDEM_SOURCE 1
| #define __EXTENSIONS__ 1
| #define HAVE_PTHREAD_PRIO_INHERIT 1
| #define HAVE_PTHREAD_SETNAME_NP 1
| #define HAVE_DLFCN_H 1
| #define LT_OBJDIR ".libs/"
| #define CRYPTO_INTERNAL 1
| #define NETLINK_DEBUG 1
| #define DFLT_NAME "traditional"
| #define HAVE_LIBELF 1
| #define HAVE_ELF_GETDATA_RAWCHUNK 1
| #define HAVE_GELF_GETNOTE 1
| #define FRR_USER "frr"
| #define FRR_GROUP "frr"
| #define CONFIGFILE_MASK 0600
| #define LOGFILE_MASK 0600
| #define MULTIPATH_NUM 16
| #define LOG_TIMESTAMP_PRECISION 0
| #define VTYSH_PAGER "more"
| #define INTERP "/lib64/ld-linux-x86-64.so.2"
| #define HAVE_ASM_TYPES_H 1
| #define HAVE_STDATOMIC_H 1
| #define HAVE_SYNC_LINUX_FUTEX /**/
| #define HAVE_NETINET_IP_ICMP_H 1
| #define HAVE_UCONTEXT_H 1
| #define HAVE_UCONTEXT_T_UC_MCONTEXT_GREGS 1
| #define GNU_LINUX 1
| #define HAVE_NETLINK 1
| #define LINUX_IPV6 1
| #define IPV6_MINHOPCOUNT 73
| #define HAVE_STRLCAT 1
| #define HAVE_STRLCPY 1
| #define HAVE_GETGROUPLIST 1
| #define HAVE_GETLOADAVG 1
| #define HAVE_OPENAT 1
| #define HAVE_UNLINKAT 1
| #define HAVE_POSIX_FALLOCATE 1
| #define HAVE_SENDMMSG 1
| #define HAVE_EXPLICIT_BZERO 1
| #define HAVE_STRUCT_MMSGHDR_MSG_HDR 1
| #define HAVE_STRUCT_UTSNAME_DOMAINNAME 1
| #define HAVE_BGPD 1
| #define HAVE_MGMTD 1
| #define HAVE_RIPD 1
| #define HAVE_RIPNGD 1
| #define HAVE_OSPFD 1
| #define HAVE_OSPF6D 1
| #define HAVE_LDPD 1
| #define HAVE_NHRPD 1
| #define HAVE_EIGRPD 1
| #define HAVE_BABELD 1
| #define HAVE_ISISD 1
| #define HAVE_PIMD 1
| #define HAVE_PIM6D 1
| #define HAVE_PBRD 1
| #define HAVE_STATICD 1
| #define HAVE_FABRICD 1
| #define HAVE_VRRPD 1
| #define HAVE_BFDD 1
| #define BFD_LINUX 1
| #define HAVE_PATHD 1
| #define SUPPORT_OSPF_API 1
| #define DISABLE_BGP_ANNOUNCE 0
| #define ENABLE_BGP_VNC 1
| #define ENABLE_VERSION_BUILD_CONFIG 1
| /* end confdefs.h.  */
| #ifdef SUNOS_5
| #define _POSIX_C_SOURCE 200809L
| #define __EXTENSIONS__
| #endif
| #include <stdio.h>
| #include <stdlib.h>
| #include <stddef.h>
| #include <sys/types.h>
| #include <sys/param.h>
| /* Required for MAXSIG */
| #include <signal.h>
| #include <sys/socket.h>
| #include <netinet/in.h>
| #include <sys/time.h>
| #include <time.h>
| #include <net/if.h>
| 
| 
| #include <sys/un.h>
| #include <netinet/in_systm.h>
| #ifdef HAVE_NETINET_IN_VAR_H
| # include <netinet/in_var.h>
| #endif
| #ifndef __linux__
| # include <net/if_dl.h>
| #endif
| #include <net/route.h>
| #include <arpa/inet.h>
| /* Required for IDRP */
| #ifdef HAVE_NETINET_IP_ICMP_H
| # include <netinet/ip_icmp.h>
| #endif
| 
| #ifdef HAVE_LINUX_MROUTE_H
| # include <linux/mroute.h>
| #endif
| 
| #ifdef HAVE_NETINET_IP_MROUTE_H
| # include <netinet/ip_mroute.h>
| #endif
| 
| #ifdef HAVE_NETINET_IP6_MROUTE_H
| # include <netinet6/ip6_mroute.h>
| #endif
| 
| #include <netinet/icmp6.h>
| #ifdef HAVE_NETINET6_ND6_H
| # include <netinet6/nd6.h>
| #endif
| 
| 
| int
| main (void)
| {
| if (sizeof (vifi_t))
| 	 return 0;
|   ;
|   return 0;
| }
configure:31950: result: no
configure:32008: checking for struct sioc_vif_req
configure:32008: gcc -c  -g -O2 -I/root/.local/include conftest.c >&5
conftest.c: In function 'main':
conftest.c:156:13: error: invalid application of 'sizeof' to incomplete type 'struct sioc_vif_req'
  156 | if (sizeof (struct sioc_vif_req))
      |             ^~~~~~
configure:32008: $? = 1
configure: failed program was:
| /* confdefs.h */
| #define PACKAGE_NAME "frr"
| #define PACKAGE_TARNAME "frr"
| #define PACKAGE_VERSION "10.6-dev"
| #define PACKAGE_STRING "frr 10.6-dev"
| #define PACKAGE_BUGREPORT "https://github.com/frrouting/frr/issues"
| #define PACKAGE_URL ""
| #define PACKAGE "frr"
| #define VERSION "10.6-dev"
| #define VICI_SOCKET "/var/run/charon.vici"
| #define HAVE_STDIO_H 1
| #define HAVE_STDLIB_H 1
| #define HAVE_STRING_H 1
| #define HAVE_INTTYPES_H 1
| #define HAVE_STDINT_H 1
| #define HAVE_STRINGS_H 1
| #define HAVE_SYS_STAT_H 1
| #define HAVE_SYS_TYPES_H 1
| #define HAVE_UNISTD_H 1
| #define HAVE_WCHAR_H 1
| #define STDC_HEADERS 1
| #define _ALL_SOURCE 1
| #define _DARWIN_C_SOURCE 1
| #define _GNU_SOURCE 1
| #define _HPUX_ALT_XOPEN_SOCKET_API 1
| #define _NETBSD_SOURCE 1
| #define _OPENBSD_SOURCE 1
| #define _POSIX_PTHREAD_SEMANTICS 1
| #define __STDC_WANT_IEC_60559_ATTRIBS_EXT__ 1
| #define __STDC_WANT_IEC_60559_BFP_EXT__ 1
| #define __STDC_WANT_IEC_60559_DFP_EXT__ 1
| #define __STDC_WANT_IEC_60559_FUNCS_EXT__ 1
| #define __STDC_WANT_IEC_60559_TYPES_EXT__ 1
| #define __STDC_WANT_LIB_EXT2__ 1
| #define __STDC_WANT_MATH_SPEC_FUNCS__ 1
| #define _TANDEM_SOURCE 1
| #define __EXTENSIONS__ 1
| #define HAVE_PTHREAD_PRIO_INHERIT 1
| #define HAVE_PTHREAD_SETNAME_NP 1
| #define HAVE_DLFCN_H 1
| #define LT_OBJDIR ".libs/"
| #define CRYPTO_INTERNAL 1
| #define NETLINK_DEBUG 1
| #define DFLT_NAME "traditional"
| #define HAVE_LIBELF 1
| #define HAVE_ELF_GETDATA_RAWCHUNK 1
| #define HAVE_GELF_GETNOTE 1
| #define FRR_USER "frr"
| #define FRR_GROUP "frr"
| #define CONFIGFILE_MASK 0600
| #define LOGFILE_MASK 0600
| #define MULTIPATH_NUM 16
| #define LOG_TIMESTAMP_PRECISION 0
| #define VTYSH_PAGER "more"
| #define INTERP "/lib64/ld-linux-x86-64.so.2"
| #define HAVE_ASM_TYPES_H 1
| #define HAVE_STDATOMIC_H 1
| #define HAVE_SYNC_LINUX_FUTEX /**/
| #define HAVE_NETINET_IP_ICMP_H 1
| #define HAVE_UCONTEXT_H 1
| #define HAVE_UCONTEXT_T_UC_MCONTEXT_GREGS 1
| #define GNU_LINUX 1
| #define HAVE_NETLINK 1
| #define LINUX_IPV6 1
| #define IPV6_MINHOPCOUNT 73
| #define HAVE_STRLCAT 1
| #define HAVE_STRLCPY 1
| #define HAVE_GETGROUPLIST 1
| #define HAVE_GETLOADAVG 1
| #define HAVE_OPENAT 1
| #define HAVE_UNLINKAT 1
| #define HAVE_POSIX_FALLOCATE 1
| #define HAVE_SENDMMSG 1
| #define HAVE_EXPLICIT_BZERO 1
| #define HAVE_STRUCT_MMSGHDR_MSG_HDR 1
| #define HAVE_STRUCT_UTSNAME_DOMAINNAME 1
| #define HAVE_BGPD 1
| #define HAVE_MGMTD 1
| #define HAVE_RIPD 1
| #define HAVE_RIPNGD 1
| #define HAVE_OSPFD 1
| #define HAVE_OSPF6D 1
| #define HAVE_LDPD 1
| #define HAVE_NHRPD 1
| #define HAVE_EIGRPD 1
| #define HAVE_BABELD 1
| #define HAVE_ISISD 1
| #define HAVE_PIMD 1
| #define HAVE_PIM6D 1
| #define HAVE_PBRD 1
| #define HAVE_STATICD 1
| #define HAVE_FABRICD 1
| #define HAVE_VRRPD 1
| #define HAVE_BFDD 1
| #define BFD_LINUX 1
| #define HAVE_PATHD 1
| #define SUPPORT_OSPF_API 1
| #define DISABLE_BGP_ANNOUNCE 0
| #define ENABLE_BGP_VNC 1
| #define ENABLE_VERSION_BUILD_CONFIG 1
| /* end confdefs.h.  */
| #ifdef SUNOS_5
| #define _POSIX_C_SOURCE 200809L
| #define __EXTENSIONS__
| #endif
| #include <stdio.h>
| #include <stdlib.h>
| #include <stddef.h>
| #include <sys/types.h>
| #include <sys/param.h>
| /* Required for MAXSIG */
| #include <signal.h>
| #include <sys/socket.h>
| #include <netinet/in.h>
| #include <sys/time.h>
| #include <time.h>
| #include <net/if.h>
| 
| 
| #include <sys/un.h>
| #include <netinet/in_systm.h>
| #ifdef HAVE_NETINET_IN_VAR_H
| # include <netinet/in_var.h>
| #endif
| #ifndef __linux__
| # include <net/if_dl.h>
| #endif
| #include <net/route.h>
| #include <arpa/inet.h>
| /* Required for IDRP */
| #ifdef HAVE_NETINET_IP_ICMP_H
| # include <netinet/ip_icmp.h>
| #endif
| 
| #ifdef HAVE_LINUX_MROUTE_H
| # include <linux/mroute.h>
| #endif
| 
| #ifdef HAVE_NETINET_IP_MROUTE_H
| # include <netinet/ip_mroute.h>
| #endif
| 
| #ifdef HAVE_NETINET_IP6_MROUTE_H
| # include <netinet6/ip6_mroute.h>
| #endif
| 
| #include <netinet/icmp6.h>
| #ifdef HAVE_NETINET6_ND6_H
| # include <netinet6/nd6.h>
| #endif
| 
| 
| int
| main (void)
| {
| if (sizeof (struct sioc_vif_req))
| 	 return 0;
|   ;
|   return 0;
| }
configure:32008: result: no
configure:32066: checking for struct igmpmsg
configure:32066: gcc -c  -g -O2 -I/root/.local/include conftest.c >&5
conftest.c: In function 'main':
conftest.c:156:13: error: invalid application of 'sizeof' to incomplete type 'struct igmpmsg'
  156 | if (sizeof (struct igmpmsg))
      |             ^~~~~~
configure:32066: $? = 1
configure: failed program was:
| /* confdefs.h */
| #define PACKAGE_NAME "frr"
| #define PACKAGE_TARNAME "frr"
| #define PACKAGE_VERSION "10.6-dev"
| #define PACKAGE_STRING "frr 10.6-dev"
| #define PACKAGE_BUGREPORT "https://github.com/frrouting/frr/issues"
| #define PACKAGE_URL ""
| #define PACKAGE "frr"
| #define VERSION "10.6-dev"
| #define VICI_SOCKET "/var/run/charon.vici"
| #define HAVE_STDIO_H 1
| #define HAVE_STDLIB_H 1
| #define HAVE_STRING_H 1
| #define HAVE_INTTYPES_H 1
| #define HAVE_STDINT_H 1
| #define HAVE_STRINGS_H 1
| #define HAVE_SYS_STAT_H 1
| #define HAVE_SYS_TYPES_H 1
| #define HAVE_UNISTD_H 1
| #define HAVE_WCHAR_H 1
| #define STDC_HEADERS 1
| #define _ALL_SOURCE 1
| #define _DARWIN_C_SOURCE 1
| #define _GNU_SOURCE 1
| #define _HPUX_ALT_XOPEN_SOCKET_API 1
| #define _NETBSD_SOURCE 1
| #define _OPENBSD_SOURCE 1
| #define _POSIX_PTHREAD_SEMANTICS 1
| #define __STDC_WANT_IEC_60559_ATTRIBS_EXT__ 1
| #define __STDC_WANT_IEC_60559_BFP_EXT__ 1
| #define __STDC_WANT_IEC_60559_DFP_EXT__ 1
| #define __STDC_WANT_IEC_60559_FUNCS_EXT__ 1
| #define __STDC_WANT_IEC_60559_TYPES_EXT__ 1
| #define __STDC_WANT_LIB_EXT2__ 1
| #define __STDC_WANT_MATH_SPEC_FUNCS__ 1
| #define _TANDEM_SOURCE 1
| #define __EXTENSIONS__ 1
| #define HAVE_PTHREAD_PRIO_INHERIT 1
| #define HAVE_PTHREAD_SETNAME_NP 1
| #define HAVE_DLFCN_H 1
| #define LT_OBJDIR ".libs/"
| #define CRYPTO_INTERNAL 1
| #define NETLINK_DEBUG 1
| #define DFLT_NAME "traditional"
| #define HAVE_LIBELF 1
| #define HAVE_ELF_GETDATA_RAWCHUNK 1
| #define HAVE_GELF_GETNOTE 1
| #define FRR_USER "frr"
| #define FRR_GROUP "frr"
| #define CONFIGFILE_MASK 0600
| #define LOGFILE_MASK 0600
| #define MULTIPATH_NUM 16
| #define LOG_TIMESTAMP_PRECISION 0
| #define VTYSH_PAGER "more"
| #define INTERP "/lib64/ld-linux-x86-64.so.2"
| #define HAVE_ASM_TYPES_H 1
| #define HAVE_STDATOMIC_H 1
| #define HAVE_SYNC_LINUX_FUTEX /**/
| #define HAVE_NETINET_IP_ICMP_H 1
| #define HAVE_UCONTEXT_H 1
| #define HAVE_UCONTEXT_T_UC_MCONTEXT_GREGS 1
| #define GNU_LINUX 1
| #define HAVE_NETLINK 1
| #define LINUX_IPV6 1
| #define IPV6_MINHOPCOUNT 73
| #define HAVE_STRLCAT 1
| #define HAVE_STRLCPY 1
| #define HAVE_GETGROUPLIST 1
| #define HAVE_GETLOADAVG 1
| #define HAVE_OPENAT 1
| #define HAVE_UNLINKAT 1
| #define HAVE_POSIX_FALLOCATE 1
| #define HAVE_SENDMMSG 1
| #define HAVE_EXPLICIT_BZERO 1
| #define HAVE_STRUCT_MMSGHDR_MSG_HDR 1
| #define HAVE_STRUCT_UTSNAME_DOMAINNAME 1
| #define HAVE_BGPD 1
| #define HAVE_MGMTD 1
| #define HAVE_RIPD 1
| #define HAVE_RIPNGD 1
| #define HAVE_OSPFD 1
| #define HAVE_OSPF6D 1
| #define HAVE_LDPD 1
| #define HAVE_NHRPD 1
| #define HAVE_EIGRPD 1
| #define HAVE_BABELD 1
| #define HAVE_ISISD 1
| #define HAVE_PIMD 1
| #define HAVE_PIM6D 1
| #define HAVE_PBRD 1
| #define HAVE_STATICD 1
| #define HAVE_FABRICD 1
| #define HAVE_VRRPD 1
| #define HAVE_BFDD 1
| #define BFD_LINUX 1
| #define HAVE_PATHD 1
| #define SUPPORT_OSPF_API 1
| #define DISABLE_BGP_ANNOUNCE 0
| #define ENABLE_BGP_VNC 1
| #define ENABLE_VERSION_BUILD_CONFIG 1
| /* end confdefs.h.  */
| #ifdef SUNOS_5
| #define _POSIX_C_SOURCE 200809L
| #define __EXTENSIONS__
| #endif
| #include <stdio.h>
| #include <stdlib.h>
| #include <stddef.h>
| #include <sys/types.h>
| #include <sys/param.h>
| /* Required for MAXSIG */
| #include <signal.h>
| #include <sys/socket.h>
| #include <netinet/in.h>
| #include <sys/time.h>
| #include <time.h>
| #include <net/if.h>
| 
| 
| #include <sys/un.h>
| #include <netinet/in_systm.h>
| #ifdef HAVE_NETINET_IN_VAR_H
| # include <netinet/in_var.h>
| #endif
| #ifndef __linux__
| # include <net/if_dl.h>
| #endif
| #include <net/route.h>
| #include <arpa/inet.h>
| /* Required for IDRP */
| #ifdef HAVE_NETINET_IP_ICMP_H
| # include <netinet/ip_icmp.h>
| #endif
| 
| #ifdef HAVE_LINUX_MROUTE_H
| # include <linux/mroute.h>
| #endif
| 
| #ifdef HAVE_NETINET_IP_MROUTE_H
| # include <netinet/ip_mroute.h>
| #endif
| 
| #ifdef HAVE_NETINET_IP6_MROUTE_H
| # include <netinet6/ip6_mroute.h>
| #endif
| 
| #include <netinet/icmp6.h>
| #ifdef HAVE_NETINET6_ND6_H
| # include <netinet6/nd6.h>
| #endif
| 
| 
| int
| main (void)
| {
| if (sizeof (struct igmpmsg))
| 	 return 0;
|   ;
|   return 0;
| }
configure:32066: result: no
configure:32124: checking for struct ifaliasreq
configure:32124: gcc -c  -g -O2 -I/root/.local/include conftest.c >&5
conftest.c: In function 'main':
conftest.c:156:13: error: invalid application of 'sizeof' to incomplete type 'struct ifaliasreq'
  156 | if (sizeof (struct ifaliasreq))
      |             ^~~~~~
configure:32124: $? = 1
configure: failed program was:
| /* confdefs.h */
| #define PACKAGE_NAME "frr"
| #define PACKAGE_TARNAME "frr"
| #define PACKAGE_VERSION "10.6-dev"
| #define PACKAGE_STRING "frr 10.6-dev"
| #define PACKAGE_BUGREPORT "https://github.com/frrouting/frr/issues"
| #define PACKAGE_URL ""
| #define PACKAGE "frr"
| #define VERSION "10.6-dev"
| #define VICI_SOCKET "/var/run/charon.vici"
| #define HAVE_STDIO_H 1
| #define HAVE_STDLIB_H 1
| #define HAVE_STRING_H 1
| #define HAVE_INTTYPES_H 1
| #define HAVE_STDINT_H 1
| #define HAVE_STRINGS_H 1
| #define HAVE_SYS_STAT_H 1
| #define HAVE_SYS_TYPES_H 1
| #define HAVE_UNISTD_H 1
| #define HAVE_WCHAR_H 1
| #define STDC_HEADERS 1
| #define _ALL_SOURCE 1
| #define _DARWIN_C_SOURCE 1
| #define _GNU_SOURCE 1
| #define _HPUX_ALT_XOPEN_SOCKET_API 1
| #define _NETBSD_SOURCE 1
| #define _OPENBSD_SOURCE 1
| #define _POSIX_PTHREAD_SEMANTICS 1
| #define __STDC_WANT_IEC_60559_ATTRIBS_EXT__ 1
| #define __STDC_WANT_IEC_60559_BFP_EXT__ 1
| #define __STDC_WANT_IEC_60559_DFP_EXT__ 1
| #define __STDC_WANT_IEC_60559_FUNCS_EXT__ 1
| #define __STDC_WANT_IEC_60559_TYPES_EXT__ 1
| #define __STDC_WANT_LIB_EXT2__ 1
| #define __STDC_WANT_MATH_SPEC_FUNCS__ 1
| #define _TANDEM_SOURCE 1
| #define __EXTENSIONS__ 1
| #define HAVE_PTHREAD_PRIO_INHERIT 1
| #define HAVE_PTHREAD_SETNAME_NP 1
| #define HAVE_DLFCN_H 1
| #define LT_OBJDIR ".libs/"
| #define CRYPTO_INTERNAL 1
| #define NETLINK_DEBUG 1
| #define DFLT_NAME "traditional"
| #define HAVE_LIBELF 1
| #define HAVE_ELF_GETDATA_RAWCHUNK 1
| #define HAVE_GELF_GETNOTE 1
| #define FRR_USER "frr"
| #define FRR_GROUP "frr"
| #define CONFIGFILE_MASK 0600
| #define LOGFILE_MASK 0600
| #define MULTIPATH_NUM 16
| #define LOG_TIMESTAMP_PRECISION 0
| #define VTYSH_PAGER "more"
| #define INTERP "/lib64/ld-linux-x86-64.so.2"
| #define HAVE_ASM_TYPES_H 1
| #define HAVE_STDATOMIC_H 1
| #define HAVE_SYNC_LINUX_FUTEX /**/
| #define HAVE_NETINET_IP_ICMP_H 1
| #define HAVE_UCONTEXT_H 1
| #define HAVE_UCONTEXT_T_UC_MCONTEXT_GREGS 1
| #define GNU_LINUX 1
| #define HAVE_NETLINK 1
| #define LINUX_IPV6 1
| #define IPV6_MINHOPCOUNT 73
| #define HAVE_STRLCAT 1
| #define HAVE_STRLCPY 1
| #define HAVE_GETGROUPLIST 1
| #define HAVE_GETLOADAVG 1
| #define HAVE_OPENAT 1
| #define HAVE_UNLINKAT 1
| #define HAVE_POSIX_FALLOCATE 1
| #define HAVE_SENDMMSG 1
| #define HAVE_EXPLICIT_BZERO 1
| #define HAVE_STRUCT_MMSGHDR_MSG_HDR 1
| #define HAVE_STRUCT_UTSNAME_DOMAINNAME 1
| #define HAVE_BGPD 1
| #define HAVE_MGMTD 1
| #define HAVE_RIPD 1
| #define HAVE_RIPNGD 1
| #define HAVE_OSPFD 1
| #define HAVE_OSPF6D 1
| #define HAVE_LDPD 1
| #define HAVE_NHRPD 1
| #define HAVE_EIGRPD 1
| #define HAVE_BABELD 1
| #define HAVE_ISISD 1
| #define HAVE_PIMD 1
| #define HAVE_PIM6D 1
| #define HAVE_PBRD 1
| #define HAVE_STATICD 1
| #define HAVE_FABRICD 1
| #define HAVE_VRRPD 1
| #define HAVE_BFDD 1
| #define BFD_LINUX 1
| #define HAVE_PATHD 1
| #define SUPPORT_OSPF_API 1
| #define DISABLE_BGP_ANNOUNCE 0
| #define ENABLE_BGP_VNC 1
| #define ENABLE_VERSION_BUILD_CONFIG 1
| /* end confdefs.h.  */
| #ifdef SUNOS_5
| #define _POSIX_C_SOURCE 200809L
| #define __EXTENSIONS__
| #endif
| #include <stdio.h>
| #include <stdlib.h>
| #include <stddef.h>
| #include <sys/types.h>
| #include <sys/param.h>
| /* Required for MAXSIG */
| #include <signal.h>
| #include <sys/socket.h>
| #include <netinet/in.h>
| #include <sys/time.h>
| #include <time.h>
| #include <net/if.h>
| 
| 
| #include <sys/un.h>
| #include <netinet/in_systm.h>
| #ifdef HAVE_NETINET_IN_VAR_H
| # include <netinet/in_var.h>
| #endif
| #ifndef __linux__
| # include <net/if_dl.h>
| #endif
| #include <net/route.h>
| #include <arpa/inet.h>
| /* Required for IDRP */
| #ifdef HAVE_NETINET_IP_ICMP_H
| # include <netinet/ip_icmp.h>
| #endif
| 
| #ifdef HAVE_LINUX_MROUTE_H
| # include <linux/mroute.h>
| #endif
| 
| #ifdef HAVE_NETINET_IP_MROUTE_H
| # include <netinet/ip_mroute.h>
| #endif
| 
| #ifdef HAVE_NETINET_IP6_MROUTE_H
| # include <netinet6/ip6_mroute.h>
| #endif
| 
| #include <netinet/icmp6.h>
| #ifdef HAVE_NETINET6_ND6_H
| # include <netinet6/nd6.h>
| #endif
| 
| 
| int
| main (void)
| {
| if (sizeof (struct ifaliasreq))
| 	 return 0;
|   ;
|   return 0;
| }
configure:32124: result: no
configure:32182: checking for struct nd_opt_adv_interval
configure:32182: gcc -c  -g -O2 -I/root/.local/include conftest.c >&5
configure:32182: $? = 0
configure:32182: gcc -c  -g -O2 -I/root/.local/include conftest.c >&5
conftest.c: In function 'main':
conftest.c:156:41: error: expected expression before ')' token
  156 | if (sizeof ((struct nd_opt_adv_interval)))
      |                                         ^
configure:32182: $? = 1
configure: failed program was:
| /* confdefs.h */
| #define PACKAGE_NAME "frr"
| #define PACKAGE_TARNAME "frr"
| #define PACKAGE_VERSION "10.6-dev"
| #define PACKAGE_STRING "frr 10.6-dev"
| #define PACKAGE_BUGREPORT "https://github.com/frrouting/frr/issues"
| #define PACKAGE_URL ""
| #define PACKAGE "frr"
| #define VERSION "10.6-dev"
| #define VICI_SOCKET "/var/run/charon.vici"
| #define HAVE_STDIO_H 1
| #define HAVE_STDLIB_H 1
| #define HAVE_STRING_H 1
| #define HAVE_INTTYPES_H 1
| #define HAVE_STDINT_H 1
| #define HAVE_STRINGS_H 1
| #define HAVE_SYS_STAT_H 1
| #define HAVE_SYS_TYPES_H 1
| #define HAVE_UNISTD_H 1
| #define HAVE_WCHAR_H 1
| #define STDC_HEADERS 1
| #define _ALL_SOURCE 1
| #define _DARWIN_C_SOURCE 1
| #define _GNU_SOURCE 1
| #define _HPUX_ALT_XOPEN_SOCKET_API 1
| #define _NETBSD_SOURCE 1
| #define _OPENBSD_SOURCE 1
| #define _POSIX_PTHREAD_SEMANTICS 1
| #define __STDC_WANT_IEC_60559_ATTRIBS_EXT__ 1
| #define __STDC_WANT_IEC_60559_BFP_EXT__ 1
| #define __STDC_WANT_IEC_60559_DFP_EXT__ 1
| #define __STDC_WANT_IEC_60559_FUNCS_EXT__ 1
| #define __STDC_WANT_IEC_60559_TYPES_EXT__ 1
| #define __STDC_WANT_LIB_EXT2__ 1
| #define __STDC_WANT_MATH_SPEC_FUNCS__ 1
| #define _TANDEM_SOURCE 1
| #define __EXTENSIONS__ 1
| #define HAVE_PTHREAD_PRIO_INHERIT 1
| #define HAVE_PTHREAD_SETNAME_NP 1
| #define HAVE_DLFCN_H 1
| #define LT_OBJDIR ".libs/"
| #define CRYPTO_INTERNAL 1
| #define NETLINK_DEBUG 1
| #define DFLT_NAME "traditional"
| #define HAVE_LIBELF 1
| #define HAVE_ELF_GETDATA_RAWCHUNK 1
| #define HAVE_GELF_GETNOTE 1
| #define FRR_USER "frr"
| #define FRR_GROUP "frr"
| #define CONFIGFILE_MASK 0600
| #define LOGFILE_MASK 0600
| #define MULTIPATH_NUM 16
| #define LOG_TIMESTAMP_PRECISION 0
| #define VTYSH_PAGER "more"
| #define INTERP "/lib64/ld-linux-x86-64.so.2"
| #define HAVE_ASM_TYPES_H 1
| #define HAVE_STDATOMIC_H 1
| #define HAVE_SYNC_LINUX_FUTEX /**/
| #define HAVE_NETINET_IP_ICMP_H 1
| #define HAVE_UCONTEXT_H 1
| #define HAVE_UCONTEXT_T_UC_MCONTEXT_GREGS 1
| #define GNU_LINUX 1
| #define HAVE_NETLINK 1
| #define LINUX_IPV6 1
| #define IPV6_MINHOPCOUNT 73
| #define HAVE_STRLCAT 1
| #define HAVE_STRLCPY 1
| #define HAVE_GETGROUPLIST 1
| #define HAVE_GETLOADAVG 1
| #define HAVE_OPENAT 1
| #define HAVE_UNLINKAT 1
| #define HAVE_POSIX_FALLOCATE 1
| #define HAVE_SENDMMSG 1
| #define HAVE_EXPLICIT_BZERO 1
| #define HAVE_STRUCT_MMSGHDR_MSG_HDR 1
| #define HAVE_STRUCT_UTSNAME_DOMAINNAME 1
| #define HAVE_BGPD 1
| #define HAVE_MGMTD 1
| #define HAVE_RIPD 1
| #define HAVE_RIPNGD 1
| #define HAVE_OSPFD 1
| #define HAVE_OSPF6D 1
| #define HAVE_LDPD 1
| #define HAVE_NHRPD 1
| #define HAVE_EIGRPD 1
| #define HAVE_BABELD 1
| #define HAVE_ISISD 1
| #define HAVE_PIMD 1
| #define HAVE_PIM6D 1
| #define HAVE_PBRD 1
| #define HAVE_STATICD 1
| #define HAVE_FABRICD 1
| #define HAVE_VRRPD 1
| #define HAVE_BFDD 1
| #define BFD_LINUX 1
| #define HAVE_PATHD 1
| #define SUPPORT_OSPF_API 1
| #define DISABLE_BGP_ANNOUNCE 0
| #define ENABLE_BGP_VNC 1
| #define ENABLE_VERSION_BUILD_CONFIG 1
| /* end confdefs.h.  */
| #ifdef SUNOS_5
| #define _POSIX_C_SOURCE 200809L
| #define __EXTENSIONS__
| #endif
| #include <stdio.h>
| #include <stdlib.h>
| #include <stddef.h>
| #include <sys/types.h>
| #include <sys/param.h>
| /* Required for MAXSIG */
| #include <signal.h>
| #include <sys/socket.h>
| #include <netinet/in.h>
| #include <sys/time.h>
| #include <time.h>
| #include <net/if.h>
| 
| 
| #include <sys/un.h>
| #include <netinet/in_systm.h>
| #ifdef HAVE_NETINET_IN_VAR_H
| # include <netinet/in_var.h>
| #endif
| #ifndef __linux__
| # include <net/if_dl.h>
| #endif
| #include <net/route.h>
| #include <arpa/inet.h>
| /* Required for IDRP */
| #ifdef HAVE_NETINET_IP_ICMP_H
| # include <netinet/ip_icmp.h>
| #endif
| 
| #ifdef HAVE_LINUX_MROUTE_H
| # include <linux/mroute.h>
| #endif
| 
| #ifdef HAVE_NETINET_IP_MROUTE_H
| # include <netinet/ip_mroute.h>
| #endif
| 
| #ifdef HAVE_NETINET_IP6_MROUTE_H
| # include <netinet6/ip6_mroute.h>
| #endif
| 
| #include <netinet/icmp6.h>
| #ifdef HAVE_NETINET6_ND6_H
| # include <netinet6/nd6.h>
| #endif
| 
| 
| int
| main (void)
| {
| if (sizeof ((struct nd_opt_adv_interval)))
| 	    return 0;
|   ;
|   return 0;
| }
configure:32182: result: yes
configure:32240: checking for struct nd_opt_homeagent_info
configure:32240: gcc -c  -g -O2 -I/root/.local/include conftest.c >&5
conftest.c: In function 'main':
conftest.c:157:13: error: invalid application of 'sizeof' to incomplete type 'struct nd_opt_homeagent_info'
  157 | if (sizeof (struct nd_opt_homeagent_info))
      |             ^~~~~~
configure:32240: $? = 1
configure: failed program was:
| /* confdefs.h */
| #define PACKAGE_NAME "frr"
| #define PACKAGE_TARNAME "frr"
| #define PACKAGE_VERSION "10.6-dev"
| #define PACKAGE_STRING "frr 10.6-dev"
| #define PACKAGE_BUGREPORT "https://github.com/frrouting/frr/issues"
| #define PACKAGE_URL ""
| #define PACKAGE "frr"
| #define VERSION "10.6-dev"
| #define VICI_SOCKET "/var/run/charon.vici"
| #define HAVE_STDIO_H 1
| #define HAVE_STDLIB_H 1
| #define HAVE_STRING_H 1
| #define HAVE_INTTYPES_H 1
| #define HAVE_STDINT_H 1
| #define HAVE_STRINGS_H 1
| #define HAVE_SYS_STAT_H 1
| #define HAVE_SYS_TYPES_H 1
| #define HAVE_UNISTD_H 1
| #define HAVE_WCHAR_H 1
| #define STDC_HEADERS 1
| #define _ALL_SOURCE 1
| #define _DARWIN_C_SOURCE 1
| #define _GNU_SOURCE 1
| #define _HPUX_ALT_XOPEN_SOCKET_API 1
| #define _NETBSD_SOURCE 1
| #define _OPENBSD_SOURCE 1
| #define _POSIX_PTHREAD_SEMANTICS 1
| #define __STDC_WANT_IEC_60559_ATTRIBS_EXT__ 1
| #define __STDC_WANT_IEC_60559_BFP_EXT__ 1
| #define __STDC_WANT_IEC_60559_DFP_EXT__ 1
| #define __STDC_WANT_IEC_60559_FUNCS_EXT__ 1
| #define __STDC_WANT_IEC_60559_TYPES_EXT__ 1
| #define __STDC_WANT_LIB_EXT2__ 1
| #define __STDC_WANT_MATH_SPEC_FUNCS__ 1
| #define _TANDEM_SOURCE 1
| #define __EXTENSIONS__ 1
| #define HAVE_PTHREAD_PRIO_INHERIT 1
| #define HAVE_PTHREAD_SETNAME_NP 1
| #define HAVE_DLFCN_H 1
| #define LT_OBJDIR ".libs/"
| #define CRYPTO_INTERNAL 1
| #define NETLINK_DEBUG 1
| #define DFLT_NAME "traditional"
| #define HAVE_LIBELF 1
| #define HAVE_ELF_GETDATA_RAWCHUNK 1
| #define HAVE_GELF_GETNOTE 1
| #define FRR_USER "frr"
| #define FRR_GROUP "frr"
| #define CONFIGFILE_MASK 0600
| #define LOGFILE_MASK 0600
| #define MULTIPATH_NUM 16
| #define LOG_TIMESTAMP_PRECISION 0
| #define VTYSH_PAGER "more"
| #define INTERP "/lib64/ld-linux-x86-64.so.2"
| #define HAVE_ASM_TYPES_H 1
| #define HAVE_STDATOMIC_H 1
| #define HAVE_SYNC_LINUX_FUTEX /**/
| #define HAVE_NETINET_IP_ICMP_H 1
| #define HAVE_UCONTEXT_H 1
| #define HAVE_UCONTEXT_T_UC_MCONTEXT_GREGS 1
| #define GNU_LINUX 1
| #define HAVE_NETLINK 1
| #define LINUX_IPV6 1
| #define IPV6_MINHOPCOUNT 73
| #define HAVE_STRLCAT 1
| #define HAVE_STRLCPY 1
| #define HAVE_GETGROUPLIST 1
| #define HAVE_GETLOADAVG 1
| #define HAVE_OPENAT 1
| #define HAVE_UNLINKAT 1
| #define HAVE_POSIX_FALLOCATE 1
| #define HAVE_SENDMMSG 1
| #define HAVE_EXPLICIT_BZERO 1
| #define HAVE_STRUCT_MMSGHDR_MSG_HDR 1
| #define HAVE_STRUCT_UTSNAME_DOMAINNAME 1
| #define HAVE_BGPD 1
| #define HAVE_MGMTD 1
| #define HAVE_RIPD 1
| #define HAVE_RIPNGD 1
| #define HAVE_OSPFD 1
| #define HAVE_OSPF6D 1
| #define HAVE_LDPD 1
| #define HAVE_NHRPD 1
| #define HAVE_EIGRPD 1
| #define HAVE_BABELD 1
| #define HAVE_ISISD 1
| #define HAVE_PIMD 1
| #define HAVE_PIM6D 1
| #define HAVE_PBRD 1
| #define HAVE_STATICD 1
| #define HAVE_FABRICD 1
| #define HAVE_VRRPD 1
| #define HAVE_BFDD 1
| #define BFD_LINUX 1
| #define HAVE_PATHD 1
| #define SUPPORT_OSPF_API 1
| #define DISABLE_BGP_ANNOUNCE 0
| #define ENABLE_BGP_VNC 1
| #define ENABLE_VERSION_BUILD_CONFIG 1
| #define HAVE_STRUCT_ND_OPT_ADV_INTERVAL 1
| /* end confdefs.h.  */
| #ifdef SUNOS_5
| #define _POSIX_C_SOURCE 200809L
| #define __EXTENSIONS__
| #endif
| #include <stdio.h>
| #include <stdlib.h>
| #include <stddef.h>
| #include <sys/types.h>
| #include <sys/param.h>
| /* Required for MAXSIG */
| #include <signal.h>
| #include <sys/socket.h>
| #include <netinet/in.h>
| #include <sys/time.h>
| #include <time.h>
| #include <net/if.h>
| 
| 
| #include <sys/un.h>
| #include <netinet/in_systm.h>
| #ifdef HAVE_NETINET_IN_VAR_H
| # include <netinet/in_var.h>
| #endif
| #ifndef __linux__
| # include <net/if_dl.h>
| #endif
| #include <net/route.h>
| #include <arpa/inet.h>
| /* Required for IDRP */
| #ifdef HAVE_NETINET_IP_ICMP_H
| # include <netinet/ip_icmp.h>
| #endif
| 
| #ifdef HAVE_LINUX_MROUTE_H
| # include <linux/mroute.h>
| #endif
| 
| #ifdef HAVE_NETINET_IP_MROUTE_H
| # include <netinet/ip_mroute.h>
| #endif
| 
| #ifdef HAVE_NETINET_IP6_MROUTE_H
| # include <netinet6/ip6_mroute.h>
| #endif
| 
| #include <netinet/icmp6.h>
| #ifdef HAVE_NETINET6_ND6_H
| # include <netinet6/nd6.h>
| #endif
| 
| 
| int
| main (void)
| {
| if (sizeof (struct nd_opt_homeagent_info))
| 	 return 0;
|   ;
|   return 0;
| }
configure:32240: result: no
configure:32298: checking for struct nd_opt_adv_interval
configure:32298: result: yes
configure:32356: checking for struct nd_opt_rdnss
configure:32356: gcc -c  -g -O2 -I/root/.local/include conftest.c >&5
conftest.c: In function 'main':
conftest.c:158:13: error: invalid application of 'sizeof' to incomplete type 'struct nd_opt_rdnss'
  158 | if (sizeof (struct nd_opt_rdnss))
      |             ^~~~~~
configure:32356: $? = 1
configure: failed program was:
| /* confdefs.h */
| #define PACKAGE_NAME "frr"
| #define PACKAGE_TARNAME "frr"
| #define PACKAGE_VERSION "10.6-dev"
| #define PACKAGE_STRING "frr 10.6-dev"
| #define PACKAGE_BUGREPORT "https://github.com/frrouting/frr/issues"
| #define PACKAGE_URL ""
| #define PACKAGE "frr"
| #define VERSION "10.6-dev"
| #define VICI_SOCKET "/var/run/charon.vici"
| #define HAVE_STDIO_H 1
| #define HAVE_STDLIB_H 1
| #define HAVE_STRING_H 1
| #define HAVE_INTTYPES_H 1
| #define HAVE_STDINT_H 1
| #define HAVE_STRINGS_H 1
| #define HAVE_SYS_STAT_H 1
| #define HAVE_SYS_TYPES_H 1
| #define HAVE_UNISTD_H 1
| #define HAVE_WCHAR_H 1
| #define STDC_HEADERS 1
| #define _ALL_SOURCE 1
| #define _DARWIN_C_SOURCE 1
| #define _GNU_SOURCE 1
| #define _HPUX_ALT_XOPEN_SOCKET_API 1
| #define _NETBSD_SOURCE 1
| #define _OPENBSD_SOURCE 1
| #define _POSIX_PTHREAD_SEMANTICS 1
| #define __STDC_WANT_IEC_60559_ATTRIBS_EXT__ 1
| #define __STDC_WANT_IEC_60559_BFP_EXT__ 1
| #define __STDC_WANT_IEC_60559_DFP_EXT__ 1
| #define __STDC_WANT_IEC_60559_FUNCS_EXT__ 1
| #define __STDC_WANT_IEC_60559_TYPES_EXT__ 1
| #define __STDC_WANT_LIB_EXT2__ 1
| #define __STDC_WANT_MATH_SPEC_FUNCS__ 1
| #define _TANDEM_SOURCE 1
| #define __EXTENSIONS__ 1
| #define HAVE_PTHREAD_PRIO_INHERIT 1
| #define HAVE_PTHREAD_SETNAME_NP 1
| #define HAVE_DLFCN_H 1
| #define LT_OBJDIR ".libs/"
| #define CRYPTO_INTERNAL 1
| #define NETLINK_DEBUG 1
| #define DFLT_NAME "traditional"
| #define HAVE_LIBELF 1
| #define HAVE_ELF_GETDATA_RAWCHUNK 1
| #define HAVE_GELF_GETNOTE 1
| #define FRR_USER "frr"
| #define FRR_GROUP "frr"
| #define CONFIGFILE_MASK 0600
| #define LOGFILE_MASK 0600
| #define MULTIPATH_NUM 16
| #define LOG_TIMESTAMP_PRECISION 0
| #define VTYSH_PAGER "more"
| #define INTERP "/lib64/ld-linux-x86-64.so.2"
| #define HAVE_ASM_TYPES_H 1
| #define HAVE_STDATOMIC_H 1
| #define HAVE_SYNC_LINUX_FUTEX /**/
| #define HAVE_NETINET_IP_ICMP_H 1
| #define HAVE_UCONTEXT_H 1
| #define HAVE_UCONTEXT_T_UC_MCONTEXT_GREGS 1
| #define GNU_LINUX 1
| #define HAVE_NETLINK 1
| #define LINUX_IPV6 1
| #define IPV6_MINHOPCOUNT 73
| #define HAVE_STRLCAT 1
| #define HAVE_STRLCPY 1
| #define HAVE_GETGROUPLIST 1
| #define HAVE_GETLOADAVG 1
| #define HAVE_OPENAT 1
| #define HAVE_UNLINKAT 1
| #define HAVE_POSIX_FALLOCATE 1
| #define HAVE_SENDMMSG 1
| #define HAVE_EXPLICIT_BZERO 1
| #define HAVE_STRUCT_MMSGHDR_MSG_HDR 1
| #define HAVE_STRUCT_UTSNAME_DOMAINNAME 1
| #define HAVE_BGPD 1
| #define HAVE_MGMTD 1
| #define HAVE_RIPD 1
| #define HAVE_RIPNGD 1
| #define HAVE_OSPFD 1
| #define HAVE_OSPF6D 1
| #define HAVE_LDPD 1
| #define HAVE_NHRPD 1
| #define HAVE_EIGRPD 1
| #define HAVE_BABELD 1
| #define HAVE_ISISD 1
| #define HAVE_PIMD 1
| #define HAVE_PIM6D 1
| #define HAVE_PBRD 1
| #define HAVE_STATICD 1
| #define HAVE_FABRICD 1
| #define HAVE_VRRPD 1
| #define HAVE_BFDD 1
| #define BFD_LINUX 1
| #define HAVE_PATHD 1
| #define SUPPORT_OSPF_API 1
| #define DISABLE_BGP_ANNOUNCE 0
| #define ENABLE_BGP_VNC 1
| #define ENABLE_VERSION_BUILD_CONFIG 1
| #define HAVE_STRUCT_ND_OPT_ADV_INTERVAL 1
| #define HAVE_STRUCT_ND_OPT_ADV_INTERVAL 1
| /* end confdefs.h.  */
| #ifdef SUNOS_5
| #define _POSIX_C_SOURCE 200809L
| #define __EXTENSIONS__
| #endif
| #include <stdio.h>
| #include <stdlib.h>
| #include <stddef.h>
| #include <sys/types.h>
| #include <sys/param.h>
| /* Required for MAXSIG */
| #include <signal.h>
| #include <sys/socket.h>
| #include <netinet/in.h>
| #include <sys/time.h>
| #include <time.h>
| #include <net/if.h>
| 
| 
| #include <sys/un.h>
| #include <netinet/in_systm.h>
| #ifdef HAVE_NETINET_IN_VAR_H
| # include <netinet/in_var.h>
| #endif
| #ifndef __linux__
| # include <net/if_dl.h>
| #endif
| #include <net/route.h>
| #include <arpa/inet.h>
| /* Required for IDRP */
| #ifdef HAVE_NETINET_IP_ICMP_H
| # include <netinet/ip_icmp.h>
| #endif
| 
| #ifdef HAVE_LINUX_MROUTE_H
| # include <linux/mroute.h>
| #endif
| 
| #ifdef HAVE_NETINET_IP_MROUTE_H
| # include <netinet/ip_mroute.h>
| #endif
| 
| #ifdef HAVE_NETINET_IP6_MROUTE_H
| # include <netinet6/ip6_mroute.h>
| #endif
| 
| #include <netinet/icmp6.h>
| #ifdef HAVE_NETINET6_ND6_H
| # include <netinet6/nd6.h>
| #endif
| 
| 
| int
| main (void)
| {
| if (sizeof (struct nd_opt_rdnss))
| 	 return 0;
|   ;
|   return 0;
| }
configure:32356: result: no
configure:32414: checking for struct nd_opt_dnssl
configure:32414: gcc -c  -g -O2 -I/root/.local/include conftest.c >&5
conftest.c: In function 'main':
conftest.c:158:13: error: invalid application of 'sizeof' to incomplete type 'struct nd_opt_dnssl'
  158 | if (sizeof (struct nd_opt_dnssl))
      |             ^~~~~~
configure:32414: $? = 1
configure: failed program was:
| /* confdefs.h */
| #define PACKAGE_NAME "frr"
| #define PACKAGE_TARNAME "frr"
| #define PACKAGE_VERSION "10.6-dev"
| #define PACKAGE_STRING "frr 10.6-dev"
| #define PACKAGE_BUGREPORT "https://github.com/frrouting/frr/issues"
| #define PACKAGE_URL ""
| #define PACKAGE "frr"
| #define VERSION "10.6-dev"
| #define VICI_SOCKET "/var/run/charon.vici"
| #define HAVE_STDIO_H 1
| #define HAVE_STDLIB_H 1
| #define HAVE_STRING_H 1
| #define HAVE_INTTYPES_H 1
| #define HAVE_STDINT_H 1
| #define HAVE_STRINGS_H 1
| #define HAVE_SYS_STAT_H 1
| #define HAVE_SYS_TYPES_H 1
| #define HAVE_UNISTD_H 1
| #define HAVE_WCHAR_H 1
| #define STDC_HEADERS 1
| #define _ALL_SOURCE 1
| #define _DARWIN_C_SOURCE 1
| #define _GNU_SOURCE 1
| #define _HPUX_ALT_XOPEN_SOCKET_API 1
| #define _NETBSD_SOURCE 1
| #define _OPENBSD_SOURCE 1
| #define _POSIX_PTHREAD_SEMANTICS 1
| #define __STDC_WANT_IEC_60559_ATTRIBS_EXT__ 1
| #define __STDC_WANT_IEC_60559_BFP_EXT__ 1
| #define __STDC_WANT_IEC_60559_DFP_EXT__ 1
| #define __STDC_WANT_IEC_60559_FUNCS_EXT__ 1
| #define __STDC_WANT_IEC_60559_TYPES_EXT__ 1
| #define __STDC_WANT_LIB_EXT2__ 1
| #define __STDC_WANT_MATH_SPEC_FUNCS__ 1
| #define _TANDEM_SOURCE 1
| #define __EXTENSIONS__ 1
| #define HAVE_PTHREAD_PRIO_INHERIT 1
| #define HAVE_PTHREAD_SETNAME_NP 1
| #define HAVE_DLFCN_H 1
| #define LT_OBJDIR ".libs/"
| #define CRYPTO_INTERNAL 1
| #define NETLINK_DEBUG 1
| #define DFLT_NAME "traditional"
| #define HAVE_LIBELF 1
| #define HAVE_ELF_GETDATA_RAWCHUNK 1
| #define HAVE_GELF_GETNOTE 1
| #define FRR_USER "frr"
| #define FRR_GROUP "frr"
| #define CONFIGFILE_MASK 0600
| #define LOGFILE_MASK 0600
| #define MULTIPATH_NUM 16
| #define LOG_TIMESTAMP_PRECISION 0
| #define VTYSH_PAGER "more"
| #define INTERP "/lib64/ld-linux-x86-64.so.2"
| #define HAVE_ASM_TYPES_H 1
| #define HAVE_STDATOMIC_H 1
| #define HAVE_SYNC_LINUX_FUTEX /**/
| #define HAVE_NETINET_IP_ICMP_H 1
| #define HAVE_UCONTEXT_H 1
| #define HAVE_UCONTEXT_T_UC_MCONTEXT_GREGS 1
| #define GNU_LINUX 1
| #define HAVE_NETLINK 1
| #define LINUX_IPV6 1
| #define IPV6_MINHOPCOUNT 73
| #define HAVE_STRLCAT 1
| #define HAVE_STRLCPY 1
| #define HAVE_GETGROUPLIST 1
| #define HAVE_GETLOADAVG 1
| #define HAVE_OPENAT 1
| #define HAVE_UNLINKAT 1
| #define HAVE_POSIX_FALLOCATE 1
| #define HAVE_SENDMMSG 1
| #define HAVE_EXPLICIT_BZERO 1
| #define HAVE_STRUCT_MMSGHDR_MSG_HDR 1
| #define HAVE_STRUCT_UTSNAME_DOMAINNAME 1
| #define HAVE_BGPD 1
| #define HAVE_MGMTD 1
| #define HAVE_RIPD 1
| #define HAVE_RIPNGD 1
| #define HAVE_OSPFD 1
| #define HAVE_OSPF6D 1
| #define HAVE_LDPD 1
| #define HAVE_NHRPD 1
| #define HAVE_EIGRPD 1
| #define HAVE_BABELD 1
| #define HAVE_ISISD 1
| #define HAVE_PIMD 1
| #define HAVE_PIM6D 1
| #define HAVE_PBRD 1
| #define HAVE_STATICD 1
| #define HAVE_FABRICD 1
| #define HAVE_VRRPD 1
| #define HAVE_BFDD 1
| #define BFD_LINUX 1
| #define HAVE_PATHD 1
| #define SUPPORT_OSPF_API 1
| #define DISABLE_BGP_ANNOUNCE 0
| #define ENABLE_BGP_VNC 1
| #define ENABLE_VERSION_BUILD_CONFIG 1
| #define HAVE_STRUCT_ND_OPT_ADV_INTERVAL 1
| #define HAVE_STRUCT_ND_OPT_ADV_INTERVAL 1
| /* end confdefs.h.  */
| #ifdef SUNOS_5
| #define _POSIX_C_SOURCE 200809L
| #define __EXTENSIONS__
| #endif
| #include <stdio.h>
| #include <stdlib.h>
| #include <stddef.h>
| #include <sys/types.h>
| #include <sys/param.h>
| /* Required for MAXSIG */
| #include <signal.h>
| #include <sys/socket.h>
| #include <netinet/in.h>
| #include <sys/time.h>
| #include <time.h>
| #include <net/if.h>
| 
| 
| #include <sys/un.h>
| #include <netinet/in_systm.h>
| #ifdef HAVE_NETINET_IN_VAR_H
| # include <netinet/in_var.h>
| #endif
| #ifndef __linux__
| # include <net/if_dl.h>
| #endif
| #include <net/route.h>
| #include <arpa/inet.h>
| /* Required for IDRP */
| #ifdef HAVE_NETINET_IP_ICMP_H
| # include <netinet/ip_icmp.h>
| #endif
| 
| #ifdef HAVE_LINUX_MROUTE_H
| # include <linux/mroute.h>
| #endif
| 
| #ifdef HAVE_NETINET_IP_MROUTE_H
| # include <netinet/ip_mroute.h>
| #endif
| 
| #ifdef HAVE_NETINET_IP6_MROUTE_H
| # include <netinet6/ip6_mroute.h>
| #endif
| 
| #include <netinet/icmp6.h>
| #ifdef HAVE_NETINET6_ND6_H
| # include <netinet6/nd6.h>
| #endif
| 
| 
| int
| main (void)
| {
| if (sizeof (struct nd_opt_dnssl))
| 	 return 0;
|   ;
|   return 0;
| }
configure:32414: result: no
configure:32474: checking for struct sockaddr.sa_len
configure:32474: gcc -c  -g -O2 -I/root/.local/include conftest.c >&5
conftest.c: In function 'main':
conftest.c:159:12: error: 'struct sockaddr' has no member named 'sa_len'
  159 | if (ac_aggr.sa_len)
      |            ^
configure:32474: $? = 1
configure: failed program was:
| /* confdefs.h */
| #define PACKAGE_NAME "frr"
| #define PACKAGE_TARNAME "frr"
| #define PACKAGE_VERSION "10.6-dev"
| #define PACKAGE_STRING "frr 10.6-dev"
| #define PACKAGE_BUGREPORT "https://github.com/frrouting/frr/issues"
| #define PACKAGE_URL ""
| #define PACKAGE "frr"
| #define VERSION "10.6-dev"
| #define VICI_SOCKET "/var/run/charon.vici"
| #define HAVE_STDIO_H 1
| #define HAVE_STDLIB_H 1
| #define HAVE_STRING_H 1
| #define HAVE_INTTYPES_H 1
| #define HAVE_STDINT_H 1
| #define HAVE_STRINGS_H 1
| #define HAVE_SYS_STAT_H 1
| #define HAVE_SYS_TYPES_H 1
| #define HAVE_UNISTD_H 1
| #define HAVE_WCHAR_H 1
| #define STDC_HEADERS 1
| #define _ALL_SOURCE 1
| #define _DARWIN_C_SOURCE 1
| #define _GNU_SOURCE 1
| #define _HPUX_ALT_XOPEN_SOCKET_API 1
| #define _NETBSD_SOURCE 1
| #define _OPENBSD_SOURCE 1
| #define _POSIX_PTHREAD_SEMANTICS 1
| #define __STDC_WANT_IEC_60559_ATTRIBS_EXT__ 1
| #define __STDC_WANT_IEC_60559_BFP_EXT__ 1
| #define __STDC_WANT_IEC_60559_DFP_EXT__ 1
| #define __STDC_WANT_IEC_60559_FUNCS_EXT__ 1
| #define __STDC_WANT_IEC_60559_TYPES_EXT__ 1
| #define __STDC_WANT_LIB_EXT2__ 1
| #define __STDC_WANT_MATH_SPEC_FUNCS__ 1
| #define _TANDEM_SOURCE 1
| #define __EXTENSIONS__ 1
| #define HAVE_PTHREAD_PRIO_INHERIT 1
| #define HAVE_PTHREAD_SETNAME_NP 1
| #define HAVE_DLFCN_H 1
| #define LT_OBJDIR ".libs/"
| #define CRYPTO_INTERNAL 1
| #define NETLINK_DEBUG 1
| #define DFLT_NAME "traditional"
| #define HAVE_LIBELF 1
| #define HAVE_ELF_GETDATA_RAWCHUNK 1
| #define HAVE_GELF_GETNOTE 1
| #define FRR_USER "frr"
| #define FRR_GROUP "frr"
| #define CONFIGFILE_MASK 0600
| #define LOGFILE_MASK 0600
| #define MULTIPATH_NUM 16
| #define LOG_TIMESTAMP_PRECISION 0
| #define VTYSH_PAGER "more"
| #define INTERP "/lib64/ld-linux-x86-64.so.2"
| #define HAVE_ASM_TYPES_H 1
| #define HAVE_STDATOMIC_H 1
| #define HAVE_SYNC_LINUX_FUTEX /**/
| #define HAVE_NETINET_IP_ICMP_H 1
| #define HAVE_UCONTEXT_H 1
| #define HAVE_UCONTEXT_T_UC_MCONTEXT_GREGS 1
| #define GNU_LINUX 1
| #define HAVE_NETLINK 1
| #define LINUX_IPV6 1
| #define IPV6_MINHOPCOUNT 73
| #define HAVE_STRLCAT 1
| #define HAVE_STRLCPY 1
| #define HAVE_GETGROUPLIST 1
| #define HAVE_GETLOADAVG 1
| #define HAVE_OPENAT 1
| #define HAVE_UNLINKAT 1
| #define HAVE_POSIX_FALLOCATE 1
| #define HAVE_SENDMMSG 1
| #define HAVE_EXPLICIT_BZERO 1
| #define HAVE_STRUCT_MMSGHDR_MSG_HDR 1
| #define HAVE_STRUCT_UTSNAME_DOMAINNAME 1
| #define HAVE_BGPD 1
| #define HAVE_MGMTD 1
| #define HAVE_RIPD 1
| #define HAVE_RIPNGD 1
| #define HAVE_OSPFD 1
| #define HAVE_OSPF6D 1
| #define HAVE_LDPD 1
| #define HAVE_NHRPD 1
| #define HAVE_EIGRPD 1
| #define HAVE_BABELD 1
| #define HAVE_ISISD 1
| #define HAVE_PIMD 1
| #define HAVE_PIM6D 1
| #define HAVE_PBRD 1
| #define HAVE_STATICD 1
| #define HAVE_FABRICD 1
| #define HAVE_VRRPD 1
| #define HAVE_BFDD 1
| #define BFD_LINUX 1
| #define HAVE_PATHD 1
| #define SUPPORT_OSPF_API 1
| #define DISABLE_BGP_ANNOUNCE 0
| #define ENABLE_BGP_VNC 1
| #define ENABLE_VERSION_BUILD_CONFIG 1
| #define HAVE_STRUCT_ND_OPT_ADV_INTERVAL 1
| #define HAVE_STRUCT_ND_OPT_ADV_INTERVAL 1
| /* end confdefs.h.  */
| #ifdef SUNOS_5
| #define _POSIX_C_SOURCE 200809L
| #define __EXTENSIONS__
| #endif
| #include <stdio.h>
| #include <stdlib.h>
| #include <stddef.h>
| #include <sys/types.h>
| #include <sys/param.h>
| /* Required for MAXSIG */
| #include <signal.h>
| #include <sys/socket.h>
| #include <netinet/in.h>
| #include <sys/time.h>
| #include <time.h>
| #include <net/if.h>
| 
| 
| #include <sys/un.h>
| #include <netinet/in_systm.h>
| #ifdef HAVE_NETINET_IN_VAR_H
| # include <netinet/in_var.h>
| #endif
| #ifndef __linux__
| # include <net/if_dl.h>
| #endif
| #include <net/route.h>
| #include <arpa/inet.h>
| /* Required for IDRP */
| #ifdef HAVE_NETINET_IP_ICMP_H
| # include <netinet/ip_icmp.h>
| #endif
| 
| #ifdef HAVE_LINUX_MROUTE_H
| # include <linux/mroute.h>
| #endif
| 
| #ifdef HAVE_NETINET_IP_MROUTE_H
| # include <netinet/ip_mroute.h>
| #endif
| 
| #ifdef HAVE_NETINET_IP6_MROUTE_H
| # include <netinet6/ip6_mroute.h>
| #endif
| 
| #include <netinet/icmp6.h>
| #ifdef HAVE_NETINET6_ND6_H
| # include <netinet6/nd6.h>
| #endif
| 
| 
| int
| main (void)
| {
| static struct sockaddr ac_aggr;
| if (ac_aggr.sa_len)
| return 0;
|   ;
|   return 0;
| }
configure:32474: gcc -c  -g -O2 -I/root/.local/include conftest.c >&5
conftest.c: In function 'main':
conftest.c:159:19: error: 'struct sockaddr' has no member named 'sa_len'
  159 | if (sizeof ac_aggr.sa_len)
      |                   ^
configure:32474: $? = 1
configure: failed program was:
| /* confdefs.h */
| #define PACKAGE_NAME "frr"
| #define PACKAGE_TARNAME "frr"
| #define PACKAGE_VERSION "10.6-dev"
| #define PACKAGE_STRING "frr 10.6-dev"
| #define PACKAGE_BUGREPORT "https://github.com/frrouting/frr/issues"
| #define PACKAGE_URL ""
| #define PACKAGE "frr"
| #define VERSION "10.6-dev"
| #define VICI_SOCKET "/var/run/charon.vici"
| #define HAVE_STDIO_H 1
| #define HAVE_STDLIB_H 1
| #define HAVE_STRING_H 1
| #define HAVE_INTTYPES_H 1
| #define HAVE_STDINT_H 1
| #define HAVE_STRINGS_H 1
| #define HAVE_SYS_STAT_H 1
| #define HAVE_SYS_TYPES_H 1
| #define HAVE_UNISTD_H 1
| #define HAVE_WCHAR_H 1
| #define STDC_HEADERS 1
| #define _ALL_SOURCE 1
| #define _DARWIN_C_SOURCE 1
| #define _GNU_SOURCE 1
| #define _HPUX_ALT_XOPEN_SOCKET_API 1
| #define _NETBSD_SOURCE 1
| #define _OPENBSD_SOURCE 1
| #define _POSIX_PTHREAD_SEMANTICS 1
| #define __STDC_WANT_IEC_60559_ATTRIBS_EXT__ 1
| #define __STDC_WANT_IEC_60559_BFP_EXT__ 1
| #define __STDC_WANT_IEC_60559_DFP_EXT__ 1
| #define __STDC_WANT_IEC_60559_FUNCS_EXT__ 1
| #define __STDC_WANT_IEC_60559_TYPES_EXT__ 1
| #define __STDC_WANT_LIB_EXT2__ 1
| #define __STDC_WANT_MATH_SPEC_FUNCS__ 1
| #define _TANDEM_SOURCE 1
| #define __EXTENSIONS__ 1
| #define HAVE_PTHREAD_PRIO_INHERIT 1
| #define HAVE_PTHREAD_SETNAME_NP 1
| #define HAVE_DLFCN_H 1
| #define LT_OBJDIR ".libs/"
| #define CRYPTO_INTERNAL 1
| #define NETLINK_DEBUG 1
| #define DFLT_NAME "traditional"
| #define HAVE_LIBELF 1
| #define HAVE_ELF_GETDATA_RAWCHUNK 1
| #define HAVE_GELF_GETNOTE 1
| #define FRR_USER "frr"
| #define FRR_GROUP "frr"
| #define CONFIGFILE_MASK 0600
| #define LOGFILE_MASK 0600
| #define MULTIPATH_NUM 16
| #define LOG_TIMESTAMP_PRECISION 0
| #define VTYSH_PAGER "more"
| #define INTERP "/lib64/ld-linux-x86-64.so.2"
| #define HAVE_ASM_TYPES_H 1
| #define HAVE_STDATOMIC_H 1
| #define HAVE_SYNC_LINUX_FUTEX /**/
| #define HAVE_NETINET_IP_ICMP_H 1
| #define HAVE_UCONTEXT_H 1
| #define HAVE_UCONTEXT_T_UC_MCONTEXT_GREGS 1
| #define GNU_LINUX 1
| #define HAVE_NETLINK 1
| #define LINUX_IPV6 1
| #define IPV6_MINHOPCOUNT 73
| #define HAVE_STRLCAT 1
| #define HAVE_STRLCPY 1
| #define HAVE_GETGROUPLIST 1
| #define HAVE_GETLOADAVG 1
| #define HAVE_OPENAT 1
| #define HAVE_UNLINKAT 1
| #define HAVE_POSIX_FALLOCATE 1
| #define HAVE_SENDMMSG 1
| #define HAVE_EXPLICIT_BZERO 1
| #define HAVE_STRUCT_MMSGHDR_MSG_HDR 1
| #define HAVE_STRUCT_UTSNAME_DOMAINNAME 1
| #define HAVE_BGPD 1
| #define HAVE_MGMTD 1
| #define HAVE_RIPD 1
| #define HAVE_RIPNGD 1
| #define HAVE_OSPFD 1
| #define HAVE_OSPF6D 1
| #define HAVE_LDPD 1
| #define HAVE_NHRPD 1
| #define HAVE_EIGRPD 1
| #define HAVE_BABELD 1
| #define HAVE_ISISD 1
| #define HAVE_PIMD 1
| #define HAVE_PIM6D 1
| #define HAVE_PBRD 1
| #define HAVE_STATICD 1
| #define HAVE_FABRICD 1
| #define HAVE_VRRPD 1
| #define HAVE_BFDD 1
| #define BFD_LINUX 1
| #define HAVE_PATHD 1
| #define SUPPORT_OSPF_API 1
| #define DISABLE_BGP_ANNOUNCE 0
| #define ENABLE_BGP_VNC 1
| #define ENABLE_VERSION_BUILD_CONFIG 1
| #define HAVE_STRUCT_ND_OPT_ADV_INTERVAL 1
| #define HAVE_STRUCT_ND_OPT_ADV_INTERVAL 1
| /* end confdefs.h.  */
| #ifdef SUNOS_5
| #define _POSIX_C_SOURCE 200809L
| #define __EXTENSIONS__
| #endif
| #include <stdio.h>
| #include <stdlib.h>
| #include <stddef.h>
| #include <sys/types.h>
| #include <sys/param.h>
| /* Required for MAXSIG */
| #include <signal.h>
| #include <sys/socket.h>
| #include <netinet/in.h>
| #include <sys/time.h>
| #include <time.h>
| #include <net/if.h>
| 
| 
| #include <sys/un.h>
| #include <netinet/in_systm.h>
| #ifdef HAVE_NETINET_IN_VAR_H
| # include <netinet/in_var.h>
| #endif
| #ifndef __linux__
| # include <net/if_dl.h>
| #endif
| #include <net/route.h>
| #include <arpa/inet.h>
| /* Required for IDRP */
| #ifdef HAVE_NETINET_IP_ICMP_H
| # include <netinet/ip_icmp.h>
| #endif
| 
| #ifdef HAVE_LINUX_MROUTE_H
| # include <linux/mroute.h>
| #endif
| 
| #ifdef HAVE_NETINET_IP_MROUTE_H
| # include <netinet/ip_mroute.h>
| #endif
| 
| #ifdef HAVE_NETINET_IP6_MROUTE_H
| # include <netinet6/ip6_mroute.h>
| #endif
| 
| #include <netinet/icmp6.h>
| #ifdef HAVE_NETINET6_ND6_H
| # include <netinet6/nd6.h>
| #endif
| 
| 
| int
| main (void)
| {
| static struct sockaddr ac_aggr;
| if (sizeof ac_aggr.sa_len)
| return 0;
|   ;
|   return 0;
| }
configure:32474: result: no
configure:32532: checking for struct sockaddr_in.sin_len
configure:32532: gcc -c  -g -O2 -I/root/.local/include conftest.c >&5
conftest.c: In function 'main':
conftest.c:159:12: error: 'struct sockaddr_in' has no member named 'sin_len'
  159 | if (ac_aggr.sin_len)
      |            ^
configure:32532: $? = 1
configure: failed program was:
| /* confdefs.h */
| #define PACKAGE_NAME "frr"
| #define PACKAGE_TARNAME "frr"
| #define PACKAGE_VERSION "10.6-dev"
| #define PACKAGE_STRING "frr 10.6-dev"
| #define PACKAGE_BUGREPORT "https://github.com/frrouting/frr/issues"
| #define PACKAGE_URL ""
| #define PACKAGE "frr"
| #define VERSION "10.6-dev"
| #define VICI_SOCKET "/var/run/charon.vici"
| #define HAVE_STDIO_H 1
| #define HAVE_STDLIB_H 1
| #define HAVE_STRING_H 1
| #define HAVE_INTTYPES_H 1
| #define HAVE_STDINT_H 1
| #define HAVE_STRINGS_H 1
| #define HAVE_SYS_STAT_H 1
| #define HAVE_SYS_TYPES_H 1
| #define HAVE_UNISTD_H 1
| #define HAVE_WCHAR_H 1
| #define STDC_HEADERS 1
| #define _ALL_SOURCE 1
| #define _DARWIN_C_SOURCE 1
| #define _GNU_SOURCE 1
| #define _HPUX_ALT_XOPEN_SOCKET_API 1
| #define _NETBSD_SOURCE 1
| #define _OPENBSD_SOURCE 1
| #define _POSIX_PTHREAD_SEMANTICS 1
| #define __STDC_WANT_IEC_60559_ATTRIBS_EXT__ 1
| #define __STDC_WANT_IEC_60559_BFP_EXT__ 1
| #define __STDC_WANT_IEC_60559_DFP_EXT__ 1
| #define __STDC_WANT_IEC_60559_FUNCS_EXT__ 1
| #define __STDC_WANT_IEC_60559_TYPES_EXT__ 1
| #define __STDC_WANT_LIB_EXT2__ 1
| #define __STDC_WANT_MATH_SPEC_FUNCS__ 1
| #define _TANDEM_SOURCE 1
| #define __EXTENSIONS__ 1
| #define HAVE_PTHREAD_PRIO_INHERIT 1
| #define HAVE_PTHREAD_SETNAME_NP 1
| #define HAVE_DLFCN_H 1
| #define LT_OBJDIR ".libs/"
| #define CRYPTO_INTERNAL 1
| #define NETLINK_DEBUG 1
| #define DFLT_NAME "traditional"
| #define HAVE_LIBELF 1
| #define HAVE_ELF_GETDATA_RAWCHUNK 1
| #define HAVE_GELF_GETNOTE 1
| #define FRR_USER "frr"
| #define FRR_GROUP "frr"
| #define CONFIGFILE_MASK 0600
| #define LOGFILE_MASK 0600
| #define MULTIPATH_NUM 16
| #define LOG_TIMESTAMP_PRECISION 0
| #define VTYSH_PAGER "more"
| #define INTERP "/lib64/ld-linux-x86-64.so.2"
| #define HAVE_ASM_TYPES_H 1
| #define HAVE_STDATOMIC_H 1
| #define HAVE_SYNC_LINUX_FUTEX /**/
| #define HAVE_NETINET_IP_ICMP_H 1
| #define HAVE_UCONTEXT_H 1
| #define HAVE_UCONTEXT_T_UC_MCONTEXT_GREGS 1
| #define GNU_LINUX 1
| #define HAVE_NETLINK 1
| #define LINUX_IPV6 1
| #define IPV6_MINHOPCOUNT 73
| #define HAVE_STRLCAT 1
| #define HAVE_STRLCPY 1
| #define HAVE_GETGROUPLIST 1
| #define HAVE_GETLOADAVG 1
| #define HAVE_OPENAT 1
| #define HAVE_UNLINKAT 1
| #define HAVE_POSIX_FALLOCATE 1
| #define HAVE_SENDMMSG 1
| #define HAVE_EXPLICIT_BZERO 1
| #define HAVE_STRUCT_MMSGHDR_MSG_HDR 1
| #define HAVE_STRUCT_UTSNAME_DOMAINNAME 1
| #define HAVE_BGPD 1
| #define HAVE_MGMTD 1
| #define HAVE_RIPD 1
| #define HAVE_RIPNGD 1
| #define HAVE_OSPFD 1
| #define HAVE_OSPF6D 1
| #define HAVE_LDPD 1
| #define HAVE_NHRPD 1
| #define HAVE_EIGRPD 1
| #define HAVE_BABELD 1
| #define HAVE_ISISD 1
| #define HAVE_PIMD 1
| #define HAVE_PIM6D 1
| #define HAVE_PBRD 1
| #define HAVE_STATICD 1
| #define HAVE_FABRICD 1
| #define HAVE_VRRPD 1
| #define HAVE_BFDD 1
| #define BFD_LINUX 1
| #define HAVE_PATHD 1
| #define SUPPORT_OSPF_API 1
| #define DISABLE_BGP_ANNOUNCE 0
| #define ENABLE_BGP_VNC 1
| #define ENABLE_VERSION_BUILD_CONFIG 1
| #define HAVE_STRUCT_ND_OPT_ADV_INTERVAL 1
| #define HAVE_STRUCT_ND_OPT_ADV_INTERVAL 1
| /* end confdefs.h.  */
| #ifdef SUNOS_5
| #define _POSIX_C_SOURCE 200809L
| #define __EXTENSIONS__
| #endif
| #include <stdio.h>
| #include <stdlib.h>
| #include <stddef.h>
| #include <sys/types.h>
| #include <sys/param.h>
| /* Required for MAXSIG */
| #include <signal.h>
| #include <sys/socket.h>
| #include <netinet/in.h>
| #include <sys/time.h>
| #include <time.h>
| #include <net/if.h>
| 
| 
| #include <sys/un.h>
| #include <netinet/in_systm.h>
| #ifdef HAVE_NETINET_IN_VAR_H
| # include <netinet/in_var.h>
| #endif
| #ifndef __linux__
| # include <net/if_dl.h>
| #endif
| #include <net/route.h>
| #include <arpa/inet.h>
| /* Required for IDRP */
| #ifdef HAVE_NETINET_IP_ICMP_H
| # include <netinet/ip_icmp.h>
| #endif
| 
| #ifdef HAVE_LINUX_MROUTE_H
| # include <linux/mroute.h>
| #endif
| 
| #ifdef HAVE_NETINET_IP_MROUTE_H
| # include <netinet/ip_mroute.h>
| #endif
| 
| #ifdef HAVE_NETINET_IP6_MROUTE_H
| # include <netinet6/ip6_mroute.h>
| #endif
| 
| #include <netinet/icmp6.h>
| #ifdef HAVE_NETINET6_ND6_H
| # include <netinet6/nd6.h>
| #endif
| 
| 
| int
| main (void)
| {
| static struct sockaddr_in ac_aggr;
| if (ac_aggr.sin_len)
| return 0;
|   ;
|   return 0;
| }
configure:32532: gcc -c  -g -O2 -I/root/.local/include conftest.c >&5
conftest.c: In function 'main':
conftest.c:159:19: error: 'struct sockaddr_in' has no member named 'sin_len'
  159 | if (sizeof ac_aggr.sin_len)
      |                   ^
configure:32532: $? = 1
configure: failed program was:
| /* confdefs.h */
| #define PACKAGE_NAME "frr"
| #define PACKAGE_TARNAME "frr"
| #define PACKAGE_VERSION "10.6-dev"
| #define PACKAGE_STRING "frr 10.6-dev"
| #define PACKAGE_BUGREPORT "https://github.com/frrouting/frr/issues"
| #define PACKAGE_URL ""
| #define PACKAGE "frr"
| #define VERSION "10.6-dev"
| #define VICI_SOCKET "/var/run/charon.vici"
| #define HAVE_STDIO_H 1
| #define HAVE_STDLIB_H 1
| #define HAVE_STRING_H 1
| #define HAVE_INTTYPES_H 1
| #define HAVE_STDINT_H 1
| #define HAVE_STRINGS_H 1
| #define HAVE_SYS_STAT_H 1
| #define HAVE_SYS_TYPES_H 1
| #define HAVE_UNISTD_H 1
| #define HAVE_WCHAR_H 1
| #define STDC_HEADERS 1
| #define _ALL_SOURCE 1
| #define _DARWIN_C_SOURCE 1
| #define _GNU_SOURCE 1
| #define _HPUX_ALT_XOPEN_SOCKET_API 1
| #define _NETBSD_SOURCE 1
| #define _OPENBSD_SOURCE 1
| #define _POSIX_PTHREAD_SEMANTICS 1
| #define __STDC_WANT_IEC_60559_ATTRIBS_EXT__ 1
| #define __STDC_WANT_IEC_60559_BFP_EXT__ 1
| #define __STDC_WANT_IEC_60559_DFP_EXT__ 1
| #define __STDC_WANT_IEC_60559_FUNCS_EXT__ 1
| #define __STDC_WANT_IEC_60559_TYPES_EXT__ 1
| #define __STDC_WANT_LIB_EXT2__ 1
| #define __STDC_WANT_MATH_SPEC_FUNCS__ 1
| #define _TANDEM_SOURCE 1
| #define __EXTENSIONS__ 1
| #define HAVE_PTHREAD_PRIO_INHERIT 1
| #define HAVE_PTHREAD_SETNAME_NP 1
| #define HAVE_DLFCN_H 1
| #define LT_OBJDIR ".libs/"
| #define CRYPTO_INTERNAL 1
| #define NETLINK_DEBUG 1
| #define DFLT_NAME "traditional"
| #define HAVE_LIBELF 1
| #define HAVE_ELF_GETDATA_RAWCHUNK 1
| #define HAVE_GELF_GETNOTE 1
| #define FRR_USER "frr"
| #define FRR_GROUP "frr"
| #define CONFIGFILE_MASK 0600
| #define LOGFILE_MASK 0600
| #define MULTIPATH_NUM 16
| #define LOG_TIMESTAMP_PRECISION 0
| #define VTYSH_PAGER "more"
| #define INTERP "/lib64/ld-linux-x86-64.so.2"
| #define HAVE_ASM_TYPES_H 1
| #define HAVE_STDATOMIC_H 1
| #define HAVE_SYNC_LINUX_FUTEX /**/
| #define HAVE_NETINET_IP_ICMP_H 1
| #define HAVE_UCONTEXT_H 1
| #define HAVE_UCONTEXT_T_UC_MCONTEXT_GREGS 1
| #define GNU_LINUX 1
| #define HAVE_NETLINK 1
| #define LINUX_IPV6 1
| #define IPV6_MINHOPCOUNT 73
| #define HAVE_STRLCAT 1
| #define HAVE_STRLCPY 1
| #define HAVE_GETGROUPLIST 1
| #define HAVE_GETLOADAVG 1
| #define HAVE_OPENAT 1
| #define HAVE_UNLINKAT 1
| #define HAVE_POSIX_FALLOCATE 1
| #define HAVE_SENDMMSG 1
| #define HAVE_EXPLICIT_BZERO 1
| #define HAVE_STRUCT_MMSGHDR_MSG_HDR 1
| #define HAVE_STRUCT_UTSNAME_DOMAINNAME 1
| #define HAVE_BGPD 1
| #define HAVE_MGMTD 1
| #define HAVE_RIPD 1
| #define HAVE_RIPNGD 1
| #define HAVE_OSPFD 1
| #define HAVE_OSPF6D 1
| #define HAVE_LDPD 1
| #define HAVE_NHRPD 1
| #define HAVE_EIGRPD 1
| #define HAVE_BABELD 1
| #define HAVE_ISISD 1
| #define HAVE_PIMD 1
| #define HAVE_PIM6D 1
| #define HAVE_PBRD 1
| #define HAVE_STATICD 1
| #define HAVE_FABRICD 1
| #define HAVE_VRRPD 1
| #define HAVE_BFDD 1
| #define BFD_LINUX 1
| #define HAVE_PATHD 1
| #define SUPPORT_OSPF_API 1
| #define DISABLE_BGP_ANNOUNCE 0
| #define ENABLE_BGP_VNC 1
| #define ENABLE_VERSION_BUILD_CONFIG 1
| #define HAVE_STRUCT_ND_OPT_ADV_INTERVAL 1
| #define HAVE_STRUCT_ND_OPT_ADV_INTERVAL 1
| /* end confdefs.h.  */
| #ifdef SUNOS_5
| #define _POSIX_C_SOURCE 200809L
| #define __EXTENSIONS__
| #endif
| #include <stdio.h>
| #include <stdlib.h>
| #include <stddef.h>
| #include <sys/types.h>
| #include <sys/param.h>
| /* Required for MAXSIG */
| #include <signal.h>
| #include <sys/socket.h>
| #include <netinet/in.h>
| #include <sys/time.h>
| #include <time.h>
| #include <net/if.h>
| 
| 
| #include <sys/un.h>
| #include <netinet/in_systm.h>
| #ifdef HAVE_NETINET_IN_VAR_H
| # include <netinet/in_var.h>
| #endif
| #ifndef __linux__
| # include <net/if_dl.h>
| #endif
| #include <net/route.h>
| #include <arpa/inet.h>
| /* Required for IDRP */
| #ifdef HAVE_NETINET_IP_ICMP_H
| # include <netinet/ip_icmp.h>
| #endif
| 
| #ifdef HAVE_LINUX_MROUTE_H
| # include <linux/mroute.h>
| #endif
| 
| #ifdef HAVE_NETINET_IP_MROUTE_H
| # include <netinet/ip_mroute.h>
| #endif
| 
| #ifdef HAVE_NETINET_IP6_MROUTE_H
| # include <netinet6/ip6_mroute.h>
| #endif
| 
| #include <netinet/icmp6.h>
| #ifdef HAVE_NETINET6_ND6_H
| # include <netinet6/nd6.h>
| #endif
| 
| 
| int
| main (void)
| {
| static struct sockaddr_in ac_aggr;
| if (sizeof ac_aggr.sin_len)
| return 0;
|   ;
|   return 0;
| }
configure:32532: result: no
configure:32590: checking for struct sockaddr_un.sun_len
configure:32590: gcc -c  -g -O2 -I/root/.local/include conftest.c >&5
conftest.c: In function 'main':
conftest.c:159:12: error: 'struct sockaddr_un' has no member named 'sun_len'
  159 | if (ac_aggr.sun_len)
      |            ^
configure:32590: $? = 1
configure: failed program was:
| /* confdefs.h */
| #define PACKAGE_NAME "frr"
| #define PACKAGE_TARNAME "frr"
| #define PACKAGE_VERSION "10.6-dev"
| #define PACKAGE_STRING "frr 10.6-dev"
| #define PACKAGE_BUGREPORT "https://github.com/frrouting/frr/issues"
| #define PACKAGE_URL ""
| #define PACKAGE "frr"
| #define VERSION "10.6-dev"
| #define VICI_SOCKET "/var/run/charon.vici"
| #define HAVE_STDIO_H 1
| #define HAVE_STDLIB_H 1
| #define HAVE_STRING_H 1
| #define HAVE_INTTYPES_H 1
| #define HAVE_STDINT_H 1
| #define HAVE_STRINGS_H 1
| #define HAVE_SYS_STAT_H 1
| #define HAVE_SYS_TYPES_H 1
| #define HAVE_UNISTD_H 1
| #define HAVE_WCHAR_H 1
| #define STDC_HEADERS 1
| #define _ALL_SOURCE 1
| #define _DARWIN_C_SOURCE 1
| #define _GNU_SOURCE 1
| #define _HPUX_ALT_XOPEN_SOCKET_API 1
| #define _NETBSD_SOURCE 1
| #define _OPENBSD_SOURCE 1
| #define _POSIX_PTHREAD_SEMANTICS 1
| #define __STDC_WANT_IEC_60559_ATTRIBS_EXT__ 1
| #define __STDC_WANT_IEC_60559_BFP_EXT__ 1
| #define __STDC_WANT_IEC_60559_DFP_EXT__ 1
| #define __STDC_WANT_IEC_60559_FUNCS_EXT__ 1
| #define __STDC_WANT_IEC_60559_TYPES_EXT__ 1
| #define __STDC_WANT_LIB_EXT2__ 1
| #define __STDC_WANT_MATH_SPEC_FUNCS__ 1
| #define _TANDEM_SOURCE 1
| #define __EXTENSIONS__ 1
| #define HAVE_PTHREAD_PRIO_INHERIT 1
| #define HAVE_PTHREAD_SETNAME_NP 1
| #define HAVE_DLFCN_H 1
| #define LT_OBJDIR ".libs/"
| #define CRYPTO_INTERNAL 1
| #define NETLINK_DEBUG 1
| #define DFLT_NAME "traditional"
| #define HAVE_LIBELF 1
| #define HAVE_ELF_GETDATA_RAWCHUNK 1
| #define HAVE_GELF_GETNOTE 1
| #define FRR_USER "frr"
| #define FRR_GROUP "frr"
| #define CONFIGFILE_MASK 0600
| #define LOGFILE_MASK 0600
| #define MULTIPATH_NUM 16
| #define LOG_TIMESTAMP_PRECISION 0
| #define VTYSH_PAGER "more"
| #define INTERP "/lib64/ld-linux-x86-64.so.2"
| #define HAVE_ASM_TYPES_H 1
| #define HAVE_STDATOMIC_H 1
| #define HAVE_SYNC_LINUX_FUTEX /**/
| #define HAVE_NETINET_IP_ICMP_H 1
| #define HAVE_UCONTEXT_H 1
| #define HAVE_UCONTEXT_T_UC_MCONTEXT_GREGS 1
| #define GNU_LINUX 1
| #define HAVE_NETLINK 1
| #define LINUX_IPV6 1
| #define IPV6_MINHOPCOUNT 73
| #define HAVE_STRLCAT 1
| #define HAVE_STRLCPY 1
| #define HAVE_GETGROUPLIST 1
| #define HAVE_GETLOADAVG 1
| #define HAVE_OPENAT 1
| #define HAVE_UNLINKAT 1
| #define HAVE_POSIX_FALLOCATE 1
| #define HAVE_SENDMMSG 1
| #define HAVE_EXPLICIT_BZERO 1
| #define HAVE_STRUCT_MMSGHDR_MSG_HDR 1
| #define HAVE_STRUCT_UTSNAME_DOMAINNAME 1
| #define HAVE_BGPD 1
| #define HAVE_MGMTD 1
| #define HAVE_RIPD 1
| #define HAVE_RIPNGD 1
| #define HAVE_OSPFD 1
| #define HAVE_OSPF6D 1
| #define HAVE_LDPD 1
| #define HAVE_NHRPD 1
| #define HAVE_EIGRPD 1
| #define HAVE_BABELD 1
| #define HAVE_ISISD 1
| #define HAVE_PIMD 1
| #define HAVE_PIM6D 1
| #define HAVE_PBRD 1
| #define HAVE_STATICD 1
| #define HAVE_FABRICD 1
| #define HAVE_VRRPD 1
| #define HAVE_BFDD 1
| #define BFD_LINUX 1
| #define HAVE_PATHD 1
| #define SUPPORT_OSPF_API 1
| #define DISABLE_BGP_ANNOUNCE 0
| #define ENABLE_BGP_VNC 1
| #define ENABLE_VERSION_BUILD_CONFIG 1
| #define HAVE_STRUCT_ND_OPT_ADV_INTERVAL 1
| #define HAVE_STRUCT_ND_OPT_ADV_INTERVAL 1
| /* end confdefs.h.  */
| #ifdef SUNOS_5
| #define _POSIX_C_SOURCE 200809L
| #define __EXTENSIONS__
| #endif
| #include <stdio.h>
| #include <stdlib.h>
| #include <stddef.h>
| #include <sys/types.h>
| #include <sys/param.h>
| /* Required for MAXSIG */
| #include <signal.h>
| #include <sys/socket.h>
| #include <netinet/in.h>
| #include <sys/time.h>
| #include <time.h>
| #include <net/if.h>
| 
| 
| #include <sys/un.h>
| #include <netinet/in_systm.h>
| #ifdef HAVE_NETINET_IN_VAR_H
| # include <netinet/in_var.h>
| #endif
| #ifndef __linux__
| # include <net/if_dl.h>
| #endif
| #include <net/route.h>
| #include <arpa/inet.h>
| /* Required for IDRP */
| #ifdef HAVE_NETINET_IP_ICMP_H
| # include <netinet/ip_icmp.h>
| #endif
| 
| #ifdef HAVE_LINUX_MROUTE_H
| # include <linux/mroute.h>
| #endif
| 
| #ifdef HAVE_NETINET_IP_MROUTE_H
| # include <netinet/ip_mroute.h>
| #endif
| 
| #ifdef HAVE_NETINET_IP6_MROUTE_H
| # include <netinet6/ip6_mroute.h>
| #endif
| 
| #include <netinet/icmp6.h>
| #ifdef HAVE_NETINET6_ND6_H
| # include <netinet6/nd6.h>
| #endif
| 
| 
| int
| main (void)
| {
| static struct sockaddr_un ac_aggr;
| if (ac_aggr.sun_len)
| return 0;
|   ;
|   return 0;
| }
configure:32590: gcc -c  -g -O2 -I/root/.local/include conftest.c >&5
conftest.c: In function 'main':
conftest.c:159:19: error: 'struct sockaddr_un' has no member named 'sun_len'
  159 | if (sizeof ac_aggr.sun_len)
      |                   ^
configure:32590: $? = 1
configure: failed program was:
| /* confdefs.h */
| #define PACKAGE_NAME "frr"
| #define PACKAGE_TARNAME "frr"
| #define PACKAGE_VERSION "10.6-dev"
| #define PACKAGE_STRING "frr 10.6-dev"
| #define PACKAGE_BUGREPORT "https://github.com/frrouting/frr/issues"
| #define PACKAGE_URL ""
| #define PACKAGE "frr"
| #define VERSION "10.6-dev"
| #define VICI_SOCKET "/var/run/charon.vici"
| #define HAVE_STDIO_H 1
| #define HAVE_STDLIB_H 1
| #define HAVE_STRING_H 1
| #define HAVE_INTTYPES_H 1
| #define HAVE_STDINT_H 1
| #define HAVE_STRINGS_H 1
| #define HAVE_SYS_STAT_H 1
| #define HAVE_SYS_TYPES_H 1
| #define HAVE_UNISTD_H 1
| #define HAVE_WCHAR_H 1
| #define STDC_HEADERS 1
| #define _ALL_SOURCE 1
| #define _DARWIN_C_SOURCE 1
| #define _GNU_SOURCE 1
| #define _HPUX_ALT_XOPEN_SOCKET_API 1
| #define _NETBSD_SOURCE 1
| #define _OPENBSD_SOURCE 1
| #define _POSIX_PTHREAD_SEMANTICS 1
| #define __STDC_WANT_IEC_60559_ATTRIBS_EXT__ 1
| #define __STDC_WANT_IEC_60559_BFP_EXT__ 1
| #define __STDC_WANT_IEC_60559_DFP_EXT__ 1
| #define __STDC_WANT_IEC_60559_FUNCS_EXT__ 1
| #define __STDC_WANT_IEC_60559_TYPES_EXT__ 1
| #define __STDC_WANT_LIB_EXT2__ 1
| #define __STDC_WANT_MATH_SPEC_FUNCS__ 1
| #define _TANDEM_SOURCE 1
| #define __EXTENSIONS__ 1
| #define HAVE_PTHREAD_PRIO_INHERIT 1
| #define HAVE_PTHREAD_SETNAME_NP 1
| #define HAVE_DLFCN_H 1
| #define LT_OBJDIR ".libs/"
| #define CRYPTO_INTERNAL 1
| #define NETLINK_DEBUG 1
| #define DFLT_NAME "traditional"
| #define HAVE_LIBELF 1
| #define HAVE_ELF_GETDATA_RAWCHUNK 1
| #define HAVE_GELF_GETNOTE 1
| #define FRR_USER "frr"
| #define FRR_GROUP "frr"
| #define CONFIGFILE_MASK 0600
| #define LOGFILE_MASK 0600
| #define MULTIPATH_NUM 16
| #define LOG_TIMESTAMP_PRECISION 0
| #define VTYSH_PAGER "more"
| #define INTERP "/lib64/ld-linux-x86-64.so.2"
| #define HAVE_ASM_TYPES_H 1
| #define HAVE_STDATOMIC_H 1
| #define HAVE_SYNC_LINUX_FUTEX /**/
| #define HAVE_NETINET_IP_ICMP_H 1
| #define HAVE_UCONTEXT_H 1
| #define HAVE_UCONTEXT_T_UC_MCONTEXT_GREGS 1
| #define GNU_LINUX 1
| #define HAVE_NETLINK 1
| #define LINUX_IPV6 1
| #define IPV6_MINHOPCOUNT 73
| #define HAVE_STRLCAT 1
| #define HAVE_STRLCPY 1
| #define HAVE_GETGROUPLIST 1
| #define HAVE_GETLOADAVG 1
| #define HAVE_OPENAT 1
| #define HAVE_UNLINKAT 1
| #define HAVE_POSIX_FALLOCATE 1
| #define HAVE_SENDMMSG 1
| #define HAVE_EXPLICIT_BZERO 1
| #define HAVE_STRUCT_MMSGHDR_MSG_HDR 1
| #define HAVE_STRUCT_UTSNAME_DOMAINNAME 1
| #define HAVE_BGPD 1
| #define HAVE_MGMTD 1
| #define HAVE_RIPD 1
| #define HAVE_RIPNGD 1
| #define HAVE_OSPFD 1
| #define HAVE_OSPF6D 1
| #define HAVE_LDPD 1
| #define HAVE_NHRPD 1
| #define HAVE_EIGRPD 1
| #define HAVE_BABELD 1
| #define HAVE_ISISD 1
| #define HAVE_PIMD 1
| #define HAVE_PIM6D 1
| #define HAVE_PBRD 1
| #define HAVE_STATICD 1
| #define HAVE_FABRICD 1
| #define HAVE_VRRPD 1
| #define HAVE_BFDD 1
| #define BFD_LINUX 1
| #define HAVE_PATHD 1
| #define SUPPORT_OSPF_API 1
| #define DISABLE_BGP_ANNOUNCE 0
| #define ENABLE_BGP_VNC 1
| #define ENABLE_VERSION_BUILD_CONFIG 1
| #define HAVE_STRUCT_ND_OPT_ADV_INTERVAL 1
| #define HAVE_STRUCT_ND_OPT_ADV_INTERVAL 1
| /* end confdefs.h.  */
| #ifdef SUNOS_5
| #define _POSIX_C_SOURCE 200809L
| #define __EXTENSIONS__
| #endif
| #include <stdio.h>
| #include <stdlib.h>
| #include <stddef.h>
| #include <sys/types.h>
| #include <sys/param.h>
| /* Required for MAXSIG */
| #include <signal.h>
| #include <sys/socket.h>
| #include <netinet/in.h>
| #include <sys/time.h>
| #include <time.h>
| #include <net/if.h>
| 
| 
| #include <sys/un.h>
| #include <netinet/in_systm.h>
| #ifdef HAVE_NETINET_IN_VAR_H
| # include <netinet/in_var.h>
| #endif
| #ifndef __linux__
| # include <net/if_dl.h>
| #endif
| #include <net/route.h>
| #include <arpa/inet.h>
| /* Required for IDRP */
| #ifdef HAVE_NETINET_IP_ICMP_H
| # include <netinet/ip_icmp.h>
| #endif
| 
| #ifdef HAVE_LINUX_MROUTE_H
| # include <linux/mroute.h>
| #endif
| 
| #ifdef HAVE_NETINET_IP_MROUTE_H
| # include <netinet/ip_mroute.h>
| #endif
| 
| #ifdef HAVE_NETINET_IP6_MROUTE_H
| # include <netinet6/ip6_mroute.h>
| #endif
| 
| #include <netinet/icmp6.h>
| #ifdef HAVE_NETINET6_ND6_H
| # include <netinet6/nd6.h>
| #endif
| 
| 
| int
| main (void)
| {
| static struct sockaddr_un ac_aggr;
| if (sizeof ac_aggr.sun_len)
| return 0;
|   ;
|   return 0;
| }
configure:32590: result: no
configure:32648: checking for struct sockaddr_dl.sdl_len
configure:32648: gcc -c  -g -O2 -I/root/.local/include conftest.c >&5
conftest.c: In function 'main':
conftest.c:158:27: error: storage size of 'ac_aggr' isn't known
  158 | static struct sockaddr_dl ac_aggr;
      |                           ^~~~~~~
configure:32648: $? = 1
configure: failed program was:
| /* confdefs.h */
| #define PACKAGE_NAME "frr"
| #define PACKAGE_TARNAME "frr"
| #define PACKAGE_VERSION "10.6-dev"
| #define PACKAGE_STRING "frr 10.6-dev"
| #define PACKAGE_BUGREPORT "https://github.com/frrouting/frr/issues"
| #define PACKAGE_URL ""
| #define PACKAGE "frr"
| #define VERSION "10.6-dev"
| #define VICI_SOCKET "/var/run/charon.vici"
| #define HAVE_STDIO_H 1
| #define HAVE_STDLIB_H 1
| #define HAVE_STRING_H 1
| #define HAVE_INTTYPES_H 1
| #define HAVE_STDINT_H 1
| #define HAVE_STRINGS_H 1
| #define HAVE_SYS_STAT_H 1
| #define HAVE_SYS_TYPES_H 1
| #define HAVE_UNISTD_H 1
| #define HAVE_WCHAR_H 1
| #define STDC_HEADERS 1
| #define _ALL_SOURCE 1
| #define _DARWIN_C_SOURCE 1
| #define _GNU_SOURCE 1
| #define _HPUX_ALT_XOPEN_SOCKET_API 1
| #define _NETBSD_SOURCE 1
| #define _OPENBSD_SOURCE 1
| #define _POSIX_PTHREAD_SEMANTICS 1
| #define __STDC_WANT_IEC_60559_ATTRIBS_EXT__ 1
| #define __STDC_WANT_IEC_60559_BFP_EXT__ 1
| #define __STDC_WANT_IEC_60559_DFP_EXT__ 1
| #define __STDC_WANT_IEC_60559_FUNCS_EXT__ 1
| #define __STDC_WANT_IEC_60559_TYPES_EXT__ 1
| #define __STDC_WANT_LIB_EXT2__ 1
| #define __STDC_WANT_MATH_SPEC_FUNCS__ 1
| #define _TANDEM_SOURCE 1
| #define __EXTENSIONS__ 1
| #define HAVE_PTHREAD_PRIO_INHERIT 1
| #define HAVE_PTHREAD_SETNAME_NP 1
| #define HAVE_DLFCN_H 1
| #define LT_OBJDIR ".libs/"
| #define CRYPTO_INTERNAL 1
| #define NETLINK_DEBUG 1
| #define DFLT_NAME "traditional"
| #define HAVE_LIBELF 1
| #define HAVE_ELF_GETDATA_RAWCHUNK 1
| #define HAVE_GELF_GETNOTE 1
| #define FRR_USER "frr"
| #define FRR_GROUP "frr"
| #define CONFIGFILE_MASK 0600
| #define LOGFILE_MASK 0600
| #define MULTIPATH_NUM 16
| #define LOG_TIMESTAMP_PRECISION 0
| #define VTYSH_PAGER "more"
| #define INTERP "/lib64/ld-linux-x86-64.so.2"
| #define HAVE_ASM_TYPES_H 1
| #define HAVE_STDATOMIC_H 1
| #define HAVE_SYNC_LINUX_FUTEX /**/
| #define HAVE_NETINET_IP_ICMP_H 1
| #define HAVE_UCONTEXT_H 1
| #define HAVE_UCONTEXT_T_UC_MCONTEXT_GREGS 1
| #define GNU_LINUX 1
| #define HAVE_NETLINK 1
| #define LINUX_IPV6 1
| #define IPV6_MINHOPCOUNT 73
| #define HAVE_STRLCAT 1
| #define HAVE_STRLCPY 1
| #define HAVE_GETGROUPLIST 1
| #define HAVE_GETLOADAVG 1
| #define HAVE_OPENAT 1
| #define HAVE_UNLINKAT 1
| #define HAVE_POSIX_FALLOCATE 1
| #define HAVE_SENDMMSG 1
| #define HAVE_EXPLICIT_BZERO 1
| #define HAVE_STRUCT_MMSGHDR_MSG_HDR 1
| #define HAVE_STRUCT_UTSNAME_DOMAINNAME 1
| #define HAVE_BGPD 1
| #define HAVE_MGMTD 1
| #define HAVE_RIPD 1
| #define HAVE_RIPNGD 1
| #define HAVE_OSPFD 1
| #define HAVE_OSPF6D 1
| #define HAVE_LDPD 1
| #define HAVE_NHRPD 1
| #define HAVE_EIGRPD 1
| #define HAVE_BABELD 1
| #define HAVE_ISISD 1
| #define HAVE_PIMD 1
| #define HAVE_PIM6D 1
| #define HAVE_PBRD 1
| #define HAVE_STATICD 1
| #define HAVE_FABRICD 1
| #define HAVE_VRRPD 1
| #define HAVE_BFDD 1
| #define BFD_LINUX 1
| #define HAVE_PATHD 1
| #define SUPPORT_OSPF_API 1
| #define DISABLE_BGP_ANNOUNCE 0
| #define ENABLE_BGP_VNC 1
| #define ENABLE_VERSION_BUILD_CONFIG 1
| #define HAVE_STRUCT_ND_OPT_ADV_INTERVAL 1
| #define HAVE_STRUCT_ND_OPT_ADV_INTERVAL 1
| /* end confdefs.h.  */
| #ifdef SUNOS_5
| #define _POSIX_C_SOURCE 200809L
| #define __EXTENSIONS__
| #endif
| #include <stdio.h>
| #include <stdlib.h>
| #include <stddef.h>
| #include <sys/types.h>
| #include <sys/param.h>
| /* Required for MAXSIG */
| #include <signal.h>
| #include <sys/socket.h>
| #include <netinet/in.h>
| #include <sys/time.h>
| #include <time.h>
| #include <net/if.h>
| 
| 
| #include <sys/un.h>
| #include <netinet/in_systm.h>
| #ifdef HAVE_NETINET_IN_VAR_H
| # include <netinet/in_var.h>
| #endif
| #ifndef __linux__
| # include <net/if_dl.h>
| #endif
| #include <net/route.h>
| #include <arpa/inet.h>
| /* Required for IDRP */
| #ifdef HAVE_NETINET_IP_ICMP_H
| # include <netinet/ip_icmp.h>
| #endif
| 
| #ifdef HAVE_LINUX_MROUTE_H
| # include <linux/mroute.h>
| #endif
| 
| #ifdef HAVE_NETINET_IP_MROUTE_H
| # include <netinet/ip_mroute.h>
| #endif
| 
| #ifdef HAVE_NETINET_IP6_MROUTE_H
| # include <netinet6/ip6_mroute.h>
| #endif
| 
| #include <netinet/icmp6.h>
| #ifdef HAVE_NETINET6_ND6_H
| # include <netinet6/nd6.h>
| #endif
| 
| 
| int
| main (void)
| {
| static struct sockaddr_dl ac_aggr;
| if (ac_aggr.sdl_len)
| return 0;
|   ;
|   return 0;
| }
configure:32648: gcc -c  -g -O2 -I/root/.local/include conftest.c >&5
conftest.c: In function 'main':
conftest.c:158:27: error: storage size of 'ac_aggr' isn't known
  158 | static struct sockaddr_dl ac_aggr;
      |                           ^~~~~~~
configure:32648: $? = 1
configure: failed program was:
| /* confdefs.h */
| #define PACKAGE_NAME "frr"
| #define PACKAGE_TARNAME "frr"
| #define PACKAGE_VERSION "10.6-dev"
| #define PACKAGE_STRING "frr 10.6-dev"
| #define PACKAGE_BUGREPORT "https://github.com/frrouting/frr/issues"
| #define PACKAGE_URL ""
| #define PACKAGE "frr"
| #define VERSION "10.6-dev"
| #define VICI_SOCKET "/var/run/charon.vici"
| #define HAVE_STDIO_H 1
| #define HAVE_STDLIB_H 1
| #define HAVE_STRING_H 1
| #define HAVE_INTTYPES_H 1
| #define HAVE_STDINT_H 1
| #define HAVE_STRINGS_H 1
| #define HAVE_SYS_STAT_H 1
| #define HAVE_SYS_TYPES_H 1
| #define HAVE_UNISTD_H 1
| #define HAVE_WCHAR_H 1
| #define STDC_HEADERS 1
| #define _ALL_SOURCE 1
| #define _DARWIN_C_SOURCE 1
| #define _GNU_SOURCE 1
| #define _HPUX_ALT_XOPEN_SOCKET_API 1
| #define _NETBSD_SOURCE 1
| #define _OPENBSD_SOURCE 1
| #define _POSIX_PTHREAD_SEMANTICS 1
| #define __STDC_WANT_IEC_60559_ATTRIBS_EXT__ 1
| #define __STDC_WANT_IEC_60559_BFP_EXT__ 1
| #define __STDC_WANT_IEC_60559_DFP_EXT__ 1
| #define __STDC_WANT_IEC_60559_FUNCS_EXT__ 1
| #define __STDC_WANT_IEC_60559_TYPES_EXT__ 1
| #define __STDC_WANT_LIB_EXT2__ 1
| #define __STDC_WANT_MATH_SPEC_FUNCS__ 1
| #define _TANDEM_SOURCE 1
| #define __EXTENSIONS__ 1
| #define HAVE_PTHREAD_PRIO_INHERIT 1
| #define HAVE_PTHREAD_SETNAME_NP 1
| #define HAVE_DLFCN_H 1
| #define LT_OBJDIR ".libs/"
| #define CRYPTO_INTERNAL 1
| #define NETLINK_DEBUG 1
| #define DFLT_NAME "traditional"
| #define HAVE_LIBELF 1
| #define HAVE_ELF_GETDATA_RAWCHUNK 1
| #define HAVE_GELF_GETNOTE 1
| #define FRR_USER "frr"
| #define FRR_GROUP "frr"
| #define CONFIGFILE_MASK 0600
| #define LOGFILE_MASK 0600
| #define MULTIPATH_NUM 16
| #define LOG_TIMESTAMP_PRECISION 0
| #define VTYSH_PAGER "more"
| #define INTERP "/lib64/ld-linux-x86-64.so.2"
| #define HAVE_ASM_TYPES_H 1
| #define HAVE_STDATOMIC_H 1
| #define HAVE_SYNC_LINUX_FUTEX /**/
| #define HAVE_NETINET_IP_ICMP_H 1
| #define HAVE_UCONTEXT_H 1
| #define HAVE_UCONTEXT_T_UC_MCONTEXT_GREGS 1
| #define GNU_LINUX 1
| #define HAVE_NETLINK 1
| #define LINUX_IPV6 1
| #define IPV6_MINHOPCOUNT 73
| #define HAVE_STRLCAT 1
| #define HAVE_STRLCPY 1
| #define HAVE_GETGROUPLIST 1
| #define HAVE_GETLOADAVG 1
| #define HAVE_OPENAT 1
| #define HAVE_UNLINKAT 1
| #define HAVE_POSIX_FALLOCATE 1
| #define HAVE_SENDMMSG 1
| #define HAVE_EXPLICIT_BZERO 1
| #define HAVE_STRUCT_MMSGHDR_MSG_HDR 1
| #define HAVE_STRUCT_UTSNAME_DOMAINNAME 1
| #define HAVE_BGPD 1
| #define HAVE_MGMTD 1
| #define HAVE_RIPD 1
| #define HAVE_RIPNGD 1
| #define HAVE_OSPFD 1
| #define HAVE_OSPF6D 1
| #define HAVE_LDPD 1
| #define HAVE_NHRPD 1
| #define HAVE_EIGRPD 1
| #define HAVE_BABELD 1
| #define HAVE_ISISD 1
| #define HAVE_PIMD 1
| #define HAVE_PIM6D 1
| #define HAVE_PBRD 1
| #define HAVE_STATICD 1
| #define HAVE_FABRICD 1
| #define HAVE_VRRPD 1
| #define HAVE_BFDD 1
| #define BFD_LINUX 1
| #define HAVE_PATHD 1
| #define SUPPORT_OSPF_API 1
| #define DISABLE_BGP_ANNOUNCE 0
| #define ENABLE_BGP_VNC 1
| #define ENABLE_VERSION_BUILD_CONFIG 1
| #define HAVE_STRUCT_ND_OPT_ADV_INTERVAL 1
| #define HAVE_STRUCT_ND_OPT_ADV_INTERVAL 1
| /* end confdefs.h.  */
| #ifdef SUNOS_5
| #define _POSIX_C_SOURCE 200809L
| #define __EXTENSIONS__
| #endif
| #include <stdio.h>
| #include <stdlib.h>
| #include <stddef.h>
| #include <sys/types.h>
| #include <sys/param.h>
| /* Required for MAXSIG */
| #include <signal.h>
| #include <sys/socket.h>
| #include <netinet/in.h>
| #include <sys/time.h>
| #include <time.h>
| #include <net/if.h>
| 
| 
| #include <sys/un.h>
| #include <netinet/in_systm.h>
| #ifdef HAVE_NETINET_IN_VAR_H
| # include <netinet/in_var.h>
| #endif
| #ifndef __linux__
| # include <net/if_dl.h>
| #endif
| #include <net/route.h>
| #include <arpa/inet.h>
| /* Required for IDRP */
| #ifdef HAVE_NETINET_IP_ICMP_H
| # include <netinet/ip_icmp.h>
| #endif
| 
| #ifdef HAVE_LINUX_MROUTE_H
| # include <linux/mroute.h>
| #endif
| 
| #ifdef HAVE_NETINET_IP_MROUTE_H
| # include <netinet/ip_mroute.h>
| #endif
| 
| #ifdef HAVE_NETINET_IP6_MROUTE_H
| # include <netinet6/ip6_mroute.h>
| #endif
| 
| #include <netinet/icmp6.h>
| #ifdef HAVE_NETINET6_ND6_H
| # include <netinet6/nd6.h>
| #endif
| 
| 
| int
| main (void)
| {
| static struct sockaddr_dl ac_aggr;
| if (sizeof ac_aggr.sdl_len)
| return 0;
|   ;
|   return 0;
| }
configure:32648: result: no
configure:32706: checking for struct nd_opt_adv_interval.nd_opt_ai_type
configure:32706: gcc -c  -g -O2 -I/root/.local/include conftest.c >&5
conftest.c: In function 'main':
conftest.c:159:12: error: 'struct nd_opt_adv_interval' has no member named 'nd_opt_ai_type'
  159 | if (ac_aggr.nd_opt_ai_type)
      |            ^
configure:32706: $? = 1
configure: failed program was:
| /* confdefs.h */
| #define PACKAGE_NAME "frr"
| #define PACKAGE_TARNAME "frr"
| #define PACKAGE_VERSION "10.6-dev"
| #define PACKAGE_STRING "frr 10.6-dev"
| #define PACKAGE_BUGREPORT "https://github.com/frrouting/frr/issues"
| #define PACKAGE_URL ""
| #define PACKAGE "frr"
| #define VERSION "10.6-dev"
| #define VICI_SOCKET "/var/run/charon.vici"
| #define HAVE_STDIO_H 1
| #define HAVE_STDLIB_H 1
| #define HAVE_STRING_H 1
| #define HAVE_INTTYPES_H 1
| #define HAVE_STDINT_H 1
| #define HAVE_STRINGS_H 1
| #define HAVE_SYS_STAT_H 1
| #define HAVE_SYS_TYPES_H 1
| #define HAVE_UNISTD_H 1
| #define HAVE_WCHAR_H 1
| #define STDC_HEADERS 1
| #define _ALL_SOURCE 1
| #define _DARWIN_C_SOURCE 1
| #define _GNU_SOURCE 1
| #define _HPUX_ALT_XOPEN_SOCKET_API 1
| #define _NETBSD_SOURCE 1
| #define _OPENBSD_SOURCE 1
| #define _POSIX_PTHREAD_SEMANTICS 1
| #define __STDC_WANT_IEC_60559_ATTRIBS_EXT__ 1
| #define __STDC_WANT_IEC_60559_BFP_EXT__ 1
| #define __STDC_WANT_IEC_60559_DFP_EXT__ 1
| #define __STDC_WANT_IEC_60559_FUNCS_EXT__ 1
| #define __STDC_WANT_IEC_60559_TYPES_EXT__ 1
| #define __STDC_WANT_LIB_EXT2__ 1
| #define __STDC_WANT_MATH_SPEC_FUNCS__ 1
| #define _TANDEM_SOURCE 1
| #define __EXTENSIONS__ 1
| #define HAVE_PTHREAD_PRIO_INHERIT 1
| #define HAVE_PTHREAD_SETNAME_NP 1
| #define HAVE_DLFCN_H 1
| #define LT_OBJDIR ".libs/"
| #define CRYPTO_INTERNAL 1
| #define NETLINK_DEBUG 1
| #define DFLT_NAME "traditional"
| #define HAVE_LIBELF 1
| #define HAVE_ELF_GETDATA_RAWCHUNK 1
| #define HAVE_GELF_GETNOTE 1
| #define FRR_USER "frr"
| #define FRR_GROUP "frr"
| #define CONFIGFILE_MASK 0600
| #define LOGFILE_MASK 0600
| #define MULTIPATH_NUM 16
| #define LOG_TIMESTAMP_PRECISION 0
| #define VTYSH_PAGER "more"
| #define INTERP "/lib64/ld-linux-x86-64.so.2"
| #define HAVE_ASM_TYPES_H 1
| #define HAVE_STDATOMIC_H 1
| #define HAVE_SYNC_LINUX_FUTEX /**/
| #define HAVE_NETINET_IP_ICMP_H 1
| #define HAVE_UCONTEXT_H 1
| #define HAVE_UCONTEXT_T_UC_MCONTEXT_GREGS 1
| #define GNU_LINUX 1
| #define HAVE_NETLINK 1
| #define LINUX_IPV6 1
| #define IPV6_MINHOPCOUNT 73
| #define HAVE_STRLCAT 1
| #define HAVE_STRLCPY 1
| #define HAVE_GETGROUPLIST 1
| #define HAVE_GETLOADAVG 1
| #define HAVE_OPENAT 1
| #define HAVE_UNLINKAT 1
| #define HAVE_POSIX_FALLOCATE 1
| #define HAVE_SENDMMSG 1
| #define HAVE_EXPLICIT_BZERO 1
| #define HAVE_STRUCT_MMSGHDR_MSG_HDR 1
| #define HAVE_STRUCT_UTSNAME_DOMAINNAME 1
| #define HAVE_BGPD 1
| #define HAVE_MGMTD 1
| #define HAVE_RIPD 1
| #define HAVE_RIPNGD 1
| #define HAVE_OSPFD 1
| #define HAVE_OSPF6D 1
| #define HAVE_LDPD 1
| #define HAVE_NHRPD 1
| #define HAVE_EIGRPD 1
| #define HAVE_BABELD 1
| #define HAVE_ISISD 1
| #define HAVE_PIMD 1
| #define HAVE_PIM6D 1
| #define HAVE_PBRD 1
| #define HAVE_STATICD 1
| #define HAVE_FABRICD 1
| #define HAVE_VRRPD 1
| #define HAVE_BFDD 1
| #define BFD_LINUX 1
| #define HAVE_PATHD 1
| #define SUPPORT_OSPF_API 1
| #define DISABLE_BGP_ANNOUNCE 0
| #define ENABLE_BGP_VNC 1
| #define ENABLE_VERSION_BUILD_CONFIG 1
| #define HAVE_STRUCT_ND_OPT_ADV_INTERVAL 1
| #define HAVE_STRUCT_ND_OPT_ADV_INTERVAL 1
| /* end confdefs.h.  */
| #ifdef SUNOS_5
| #define _POSIX_C_SOURCE 200809L
| #define __EXTENSIONS__
| #endif
| #include <stdio.h>
| #include <stdlib.h>
| #include <stddef.h>
| #include <sys/types.h>
| #include <sys/param.h>
| /* Required for MAXSIG */
| #include <signal.h>
| #include <sys/socket.h>
| #include <netinet/in.h>
| #include <sys/time.h>
| #include <time.h>
| #include <net/if.h>
| 
| 
| #include <sys/un.h>
| #include <netinet/in_systm.h>
| #ifdef HAVE_NETINET_IN_VAR_H
| # include <netinet/in_var.h>
| #endif
| #ifndef __linux__
| # include <net/if_dl.h>
| #endif
| #include <net/route.h>
| #include <arpa/inet.h>
| /* Required for IDRP */
| #ifdef HAVE_NETINET_IP_ICMP_H
| # include <netinet/ip_icmp.h>
| #endif
| 
| #ifdef HAVE_LINUX_MROUTE_H
| # include <linux/mroute.h>
| #endif
| 
| #ifdef HAVE_NETINET_IP_MROUTE_H
| # include <netinet/ip_mroute.h>
| #endif
| 
| #ifdef HAVE_NETINET_IP6_MROUTE_H
| # include <netinet6/ip6_mroute.h>
| #endif
| 
| #include <netinet/icmp6.h>
| #ifdef HAVE_NETINET6_ND6_H
| # include <netinet6/nd6.h>
| #endif
| 
| 
| int
| main (void)
| {
| static struct nd_opt_adv_interval ac_aggr;
| if (ac_aggr.nd_opt_ai_type)
| return 0;
|   ;
|   return 0;
| }
configure:32706: gcc -c  -g -O2 -I/root/.local/include conftest.c >&5
conftest.c: In function 'main':
conftest.c:159:19: error: 'struct nd_opt_adv_interval' has no member named 'nd_opt_ai_type'
  159 | if (sizeof ac_aggr.nd_opt_ai_type)
      |                   ^
configure:32706: $? = 1
configure: failed program was:
| /* confdefs.h */
| #define PACKAGE_NAME "frr"
| #define PACKAGE_TARNAME "frr"
| #define PACKAGE_VERSION "10.6-dev"
| #define PACKAGE_STRING "frr 10.6-dev"
| #define PACKAGE_BUGREPORT "https://github.com/frrouting/frr/issues"
| #define PACKAGE_URL ""
| #define PACKAGE "frr"
| #define VERSION "10.6-dev"
| #define VICI_SOCKET "/var/run/charon.vici"
| #define HAVE_STDIO_H 1
| #define HAVE_STDLIB_H 1
| #define HAVE_STRING_H 1
| #define HAVE_INTTYPES_H 1
| #define HAVE_STDINT_H 1
| #define HAVE_STRINGS_H 1
| #define HAVE_SYS_STAT_H 1
| #define HAVE_SYS_TYPES_H 1
| #define HAVE_UNISTD_H 1
| #define HAVE_WCHAR_H 1
| #define STDC_HEADERS 1
| #define _ALL_SOURCE 1
| #define _DARWIN_C_SOURCE 1
| #define _GNU_SOURCE 1
| #define _HPUX_ALT_XOPEN_SOCKET_API 1
| #define _NETBSD_SOURCE 1
| #define _OPENBSD_SOURCE 1
| #define _POSIX_PTHREAD_SEMANTICS 1
| #define __STDC_WANT_IEC_60559_ATTRIBS_EXT__ 1
| #define __STDC_WANT_IEC_60559_BFP_EXT__ 1
| #define __STDC_WANT_IEC_60559_DFP_EXT__ 1
| #define __STDC_WANT_IEC_60559_FUNCS_EXT__ 1
| #define __STDC_WANT_IEC_60559_TYPES_EXT__ 1
| #define __STDC_WANT_LIB_EXT2__ 1
| #define __STDC_WANT_MATH_SPEC_FUNCS__ 1
| #define _TANDEM_SOURCE 1
| #define __EXTENSIONS__ 1
| #define HAVE_PTHREAD_PRIO_INHERIT 1
| #define HAVE_PTHREAD_SETNAME_NP 1
| #define HAVE_DLFCN_H 1
| #define LT_OBJDIR ".libs/"
| #define CRYPTO_INTERNAL 1
| #define NETLINK_DEBUG 1
| #define DFLT_NAME "traditional"
| #define HAVE_LIBELF 1
| #define HAVE_ELF_GETDATA_RAWCHUNK 1
| #define HAVE_GELF_GETNOTE 1
| #define FRR_USER "frr"
| #define FRR_GROUP "frr"
| #define CONFIGFILE_MASK 0600
| #define LOGFILE_MASK 0600
| #define MULTIPATH_NUM 16
| #define LOG_TIMESTAMP_PRECISION 0
| #define VTYSH_PAGER "more"
| #define INTERP "/lib64/ld-linux-x86-64.so.2"
| #define HAVE_ASM_TYPES_H 1
| #define HAVE_STDATOMIC_H 1
| #define HAVE_SYNC_LINUX_FUTEX /**/
| #define HAVE_NETINET_IP_ICMP_H 1
| #define HAVE_UCONTEXT_H 1
| #define HAVE_UCONTEXT_T_UC_MCONTEXT_GREGS 1
| #define GNU_LINUX 1
| #define HAVE_NETLINK 1
| #define LINUX_IPV6 1
| #define IPV6_MINHOPCOUNT 73
| #define HAVE_STRLCAT 1
| #define HAVE_STRLCPY 1
| #define HAVE_GETGROUPLIST 1
| #define HAVE_GETLOADAVG 1
| #define HAVE_OPENAT 1
| #define HAVE_UNLINKAT 1
| #define HAVE_POSIX_FALLOCATE 1
| #define HAVE_SENDMMSG 1
| #define HAVE_EXPLICIT_BZERO 1
| #define HAVE_STRUCT_MMSGHDR_MSG_HDR 1
| #define HAVE_STRUCT_UTSNAME_DOMAINNAME 1
| #define HAVE_BGPD 1
| #define HAVE_MGMTD 1
| #define HAVE_RIPD 1
| #define HAVE_RIPNGD 1
| #define HAVE_OSPFD 1
| #define HAVE_OSPF6D 1
| #define HAVE_LDPD 1
| #define HAVE_NHRPD 1
| #define HAVE_EIGRPD 1
| #define HAVE_BABELD 1
| #define HAVE_ISISD 1
| #define HAVE_PIMD 1
| #define HAVE_PIM6D 1
| #define HAVE_PBRD 1
| #define HAVE_STATICD 1
| #define HAVE_FABRICD 1
| #define HAVE_VRRPD 1
| #define HAVE_BFDD 1
| #define BFD_LINUX 1
| #define HAVE_PATHD 1
| #define SUPPORT_OSPF_API 1
| #define DISABLE_BGP_ANNOUNCE 0
| #define ENABLE_BGP_VNC 1
| #define ENABLE_VERSION_BUILD_CONFIG 1
| #define HAVE_STRUCT_ND_OPT_ADV_INTERVAL 1
| #define HAVE_STRUCT_ND_OPT_ADV_INTERVAL 1
| /* end confdefs.h.  */
| #ifdef SUNOS_5
| #define _POSIX_C_SOURCE 200809L
| #define __EXTENSIONS__
| #endif
| #include <stdio.h>
| #include <stdlib.h>
| #include <stddef.h>
| #include <sys/types.h>
| #include <sys/param.h>
| /* Required for MAXSIG */
| #include <signal.h>
| #include <sys/socket.h>
| #include <netinet/in.h>
| #include <sys/time.h>
| #include <time.h>
| #include <net/if.h>
| 
| 
| #include <sys/un.h>
| #include <netinet/in_systm.h>
| #ifdef HAVE_NETINET_IN_VAR_H
| # include <netinet/in_var.h>
| #endif
| #ifndef __linux__
| # include <net/if_dl.h>
| #endif
| #include <net/route.h>
| #include <arpa/inet.h>
| /* Required for IDRP */
| #ifdef HAVE_NETINET_IP_ICMP_H
| # include <netinet/ip_icmp.h>
| #endif
| 
| #ifdef HAVE_LINUX_MROUTE_H
| # include <linux/mroute.h>
| #endif
| 
| #ifdef HAVE_NETINET_IP_MROUTE_H
| # include <netinet/ip_mroute.h>
| #endif
| 
| #ifdef HAVE_NETINET_IP6_MROUTE_H
| # include <netinet6/ip6_mroute.h>
| #endif
| 
| #include <netinet/icmp6.h>
| #ifdef HAVE_NETINET6_ND6_H
| # include <netinet6/nd6.h>
| #endif
| 
| 
| int
| main (void)
| {
| static struct nd_opt_adv_interval ac_aggr;
| if (sizeof ac_aggr.nd_opt_ai_type)
| return 0;
|   ;
|   return 0;
| }
configure:32706: result: no
configure:32767: checking for IP_PKTINFO
configure:32785: gcc -c  -g -O2 -I/root/.local/include conftest.c >&5
configure:32785: $? = 0
configure:32788: result: yes
configure:32802: checking for IP_RECVDSTADDR
configure:32820: gcc -c  -g -O2 -I/root/.local/include conftest.c >&5
conftest.c: In function 'main':
conftest.c:112:19: error: 'IP_RECVDSTADDR' undeclared (first use in this function); did you mean 'IP_ORIGDSTADDR'?
  112 |         int opt = IP_RECVDSTADDR;
      |                   ^~~~~~~~~~~~~~
      |                   IP_ORIGDSTADDR
conftest.c:112:19: note: each undeclared identifier is reported only once for each function it appears in
configure:32820: $? = 1
configure: failed program was:
| /* confdefs.h */
| #define PACKAGE_NAME "frr"
| #define PACKAGE_TARNAME "frr"
| #define PACKAGE_VERSION "10.6-dev"
| #define PACKAGE_STRING "frr 10.6-dev"
| #define PACKAGE_BUGREPORT "https://github.com/frrouting/frr/issues"
| #define PACKAGE_URL ""
| #define PACKAGE "frr"
| #define VERSION "10.6-dev"
| #define VICI_SOCKET "/var/run/charon.vici"
| #define HAVE_STDIO_H 1
| #define HAVE_STDLIB_H 1
| #define HAVE_STRING_H 1
| #define HAVE_INTTYPES_H 1
| #define HAVE_STDINT_H 1
| #define HAVE_STRINGS_H 1
| #define HAVE_SYS_STAT_H 1
| #define HAVE_SYS_TYPES_H 1
| #define HAVE_UNISTD_H 1
| #define HAVE_WCHAR_H 1
| #define STDC_HEADERS 1
| #define _ALL_SOURCE 1
| #define _DARWIN_C_SOURCE 1
| #define _GNU_SOURCE 1
| #define _HPUX_ALT_XOPEN_SOCKET_API 1
| #define _NETBSD_SOURCE 1
| #define _OPENBSD_SOURCE 1
| #define _POSIX_PTHREAD_SEMANTICS 1
| #define __STDC_WANT_IEC_60559_ATTRIBS_EXT__ 1
| #define __STDC_WANT_IEC_60559_BFP_EXT__ 1
| #define __STDC_WANT_IEC_60559_DFP_EXT__ 1
| #define __STDC_WANT_IEC_60559_FUNCS_EXT__ 1
| #define __STDC_WANT_IEC_60559_TYPES_EXT__ 1
| #define __STDC_WANT_LIB_EXT2__ 1
| #define __STDC_WANT_MATH_SPEC_FUNCS__ 1
| #define _TANDEM_SOURCE 1
| #define __EXTENSIONS__ 1
| #define HAVE_PTHREAD_PRIO_INHERIT 1
| #define HAVE_PTHREAD_SETNAME_NP 1
| #define HAVE_DLFCN_H 1
| #define LT_OBJDIR ".libs/"
| #define CRYPTO_INTERNAL 1
| #define NETLINK_DEBUG 1
| #define DFLT_NAME "traditional"
| #define HAVE_LIBELF 1
| #define HAVE_ELF_GETDATA_RAWCHUNK 1
| #define HAVE_GELF_GETNOTE 1
| #define FRR_USER "frr"
| #define FRR_GROUP "frr"
| #define CONFIGFILE_MASK 0600
| #define LOGFILE_MASK 0600
| #define MULTIPATH_NUM 16
| #define LOG_TIMESTAMP_PRECISION 0
| #define VTYSH_PAGER "more"
| #define INTERP "/lib64/ld-linux-x86-64.so.2"
| #define HAVE_ASM_TYPES_H 1
| #define HAVE_STDATOMIC_H 1
| #define HAVE_SYNC_LINUX_FUTEX /**/
| #define HAVE_NETINET_IP_ICMP_H 1
| #define HAVE_UCONTEXT_H 1
| #define HAVE_UCONTEXT_T_UC_MCONTEXT_GREGS 1
| #define GNU_LINUX 1
| #define HAVE_NETLINK 1
| #define LINUX_IPV6 1
| #define IPV6_MINHOPCOUNT 73
| #define HAVE_STRLCAT 1
| #define HAVE_STRLCPY 1
| #define HAVE_GETGROUPLIST 1
| #define HAVE_GETLOADAVG 1
| #define HAVE_OPENAT 1
| #define HAVE_UNLINKAT 1
| #define HAVE_POSIX_FALLOCATE 1
| #define HAVE_SENDMMSG 1
| #define HAVE_EXPLICIT_BZERO 1
| #define HAVE_STRUCT_MMSGHDR_MSG_HDR 1
| #define HAVE_STRUCT_UTSNAME_DOMAINNAME 1
| #define HAVE_BGPD 1
| #define HAVE_MGMTD 1
| #define HAVE_RIPD 1
| #define HAVE_RIPNGD 1
| #define HAVE_OSPFD 1
| #define HAVE_OSPF6D 1
| #define HAVE_LDPD 1
| #define HAVE_NHRPD 1
| #define HAVE_EIGRPD 1
| #define HAVE_BABELD 1
| #define HAVE_ISISD 1
| #define HAVE_PIMD 1
| #define HAVE_PIM6D 1
| #define HAVE_PBRD 1
| #define HAVE_STATICD 1
| #define HAVE_FABRICD 1
| #define HAVE_VRRPD 1
| #define HAVE_BFDD 1
| #define BFD_LINUX 1
| #define HAVE_PATHD 1
| #define SUPPORT_OSPF_API 1
| #define DISABLE_BGP_ANNOUNCE 0
| #define ENABLE_BGP_VNC 1
| #define ENABLE_VERSION_BUILD_CONFIG 1
| #define HAVE_STRUCT_ND_OPT_ADV_INTERVAL 1
| #define HAVE_STRUCT_ND_OPT_ADV_INTERVAL 1
| #define HAVE_IP_PKTINFO 1
| /* end confdefs.h.  */
| 
|         #include <netinet/in.h>
| 
| int
| main (void)
| {
| 
|         int opt = IP_RECVDSTADDR;
| 
|   ;
|   return 0;
| }
| 
configure:32831: result: no
configure:32837: checking for IP_RECVIF
configure:32855: gcc -c  -g -O2 -I/root/.local/include conftest.c >&5
conftest.c: In function 'main':
conftest.c:112:19: error: 'IP_RECVIF' undeclared (first use in this function); did you mean 'IP_RECVERR'?
  112 |         int opt = IP_RECVIF;
      |                   ^~~~~~~~~
      |                   IP_RECVERR
conftest.c:112:19: note: each undeclared identifier is reported only once for each function it appears in
configure:32855: $? = 1
configure: failed program was:
| /* confdefs.h */
| #define PACKAGE_NAME "frr"
| #define PACKAGE_TARNAME "frr"
| #define PACKAGE_VERSION "10.6-dev"
| #define PACKAGE_STRING "frr 10.6-dev"
| #define PACKAGE_BUGREPORT "https://github.com/frrouting/frr/issues"
| #define PACKAGE_URL ""
| #define PACKAGE "frr"
| #define VERSION "10.6-dev"
| #define VICI_SOCKET "/var/run/charon.vici"
| #define HAVE_STDIO_H 1
| #define HAVE_STDLIB_H 1
| #define HAVE_STRING_H 1
| #define HAVE_INTTYPES_H 1
| #define HAVE_STDINT_H 1
| #define HAVE_STRINGS_H 1
| #define HAVE_SYS_STAT_H 1
| #define HAVE_SYS_TYPES_H 1
| #define HAVE_UNISTD_H 1
| #define HAVE_WCHAR_H 1
| #define STDC_HEADERS 1
| #define _ALL_SOURCE 1
| #define _DARWIN_C_SOURCE 1
| #define _GNU_SOURCE 1
| #define _HPUX_ALT_XOPEN_SOCKET_API 1
| #define _NETBSD_SOURCE 1
| #define _OPENBSD_SOURCE 1
| #define _POSIX_PTHREAD_SEMANTICS 1
| #define __STDC_WANT_IEC_60559_ATTRIBS_EXT__ 1
| #define __STDC_WANT_IEC_60559_BFP_EXT__ 1
| #define __STDC_WANT_IEC_60559_DFP_EXT__ 1
| #define __STDC_WANT_IEC_60559_FUNCS_EXT__ 1
| #define __STDC_WANT_IEC_60559_TYPES_EXT__ 1
| #define __STDC_WANT_LIB_EXT2__ 1
| #define __STDC_WANT_MATH_SPEC_FUNCS__ 1
| #define _TANDEM_SOURCE 1
| #define __EXTENSIONS__ 1
| #define HAVE_PTHREAD_PRIO_INHERIT 1
| #define HAVE_PTHREAD_SETNAME_NP 1
| #define HAVE_DLFCN_H 1
| #define LT_OBJDIR ".libs/"
| #define CRYPTO_INTERNAL 1
| #define NETLINK_DEBUG 1
| #define DFLT_NAME "traditional"
| #define HAVE_LIBELF 1
| #define HAVE_ELF_GETDATA_RAWCHUNK 1
| #define HAVE_GELF_GETNOTE 1
| #define FRR_USER "frr"
| #define FRR_GROUP "frr"
| #define CONFIGFILE_MASK 0600
| #define LOGFILE_MASK 0600
| #define MULTIPATH_NUM 16
| #define LOG_TIMESTAMP_PRECISION 0
| #define VTYSH_PAGER "more"
| #define INTERP "/lib64/ld-linux-x86-64.so.2"
| #define HAVE_ASM_TYPES_H 1
| #define HAVE_STDATOMIC_H 1
| #define HAVE_SYNC_LINUX_FUTEX /**/
| #define HAVE_NETINET_IP_ICMP_H 1
| #define HAVE_UCONTEXT_H 1
| #define HAVE_UCONTEXT_T_UC_MCONTEXT_GREGS 1
| #define GNU_LINUX 1
| #define HAVE_NETLINK 1
| #define LINUX_IPV6 1
| #define IPV6_MINHOPCOUNT 73
| #define HAVE_STRLCAT 1
| #define HAVE_STRLCPY 1
| #define HAVE_GETGROUPLIST 1
| #define HAVE_GETLOADAVG 1
| #define HAVE_OPENAT 1
| #define HAVE_UNLINKAT 1
| #define HAVE_POSIX_FALLOCATE 1
| #define HAVE_SENDMMSG 1
| #define HAVE_EXPLICIT_BZERO 1
| #define HAVE_STRUCT_MMSGHDR_MSG_HDR 1
| #define HAVE_STRUCT_UTSNAME_DOMAINNAME 1
| #define HAVE_BGPD 1
| #define HAVE_MGMTD 1
| #define HAVE_RIPD 1
| #define HAVE_RIPNGD 1
| #define HAVE_OSPFD 1
| #define HAVE_OSPF6D 1
| #define HAVE_LDPD 1
| #define HAVE_NHRPD 1
| #define HAVE_EIGRPD 1
| #define HAVE_BABELD 1
| #define HAVE_ISISD 1
| #define HAVE_PIMD 1
| #define HAVE_PIM6D 1
| #define HAVE_PBRD 1
| #define HAVE_STATICD 1
| #define HAVE_FABRICD 1
| #define HAVE_VRRPD 1
| #define HAVE_BFDD 1
| #define BFD_LINUX 1
| #define HAVE_PATHD 1
| #define SUPPORT_OSPF_API 1
| #define DISABLE_BGP_ANNOUNCE 0
| #define ENABLE_BGP_VNC 1
| #define ENABLE_VERSION_BUILD_CONFIG 1
| #define HAVE_STRUCT_ND_OPT_ADV_INTERVAL 1
| #define HAVE_STRUCT_ND_OPT_ADV_INTERVAL 1
| #define HAVE_IP_PKTINFO 1
| /* end confdefs.h.  */
| 
|         #include <netinet/in.h>
| 
| int
| main (void)
| {
| 
|         int opt = IP_RECVIF;
| 
|   ;
|   return 0;
| }
| 
configure:32866: result: no
configure:32872: checking for SO_BINDANY
configure:32890: gcc -c  -g -O2 -I/root/.local/include conftest.c >&5
conftest.c: In function 'main':
conftest.c:112:19: error: 'SO_BINDANY' undeclared (first use in this function)
  112 |         int opt = SO_BINDANY;
      |                   ^~~~~~~~~~
conftest.c:112:19: note: each undeclared identifier is reported only once for each function it appears in
configure:32890: $? = 1
configure: failed program was:
| /* confdefs.h */
| #define PACKAGE_NAME "frr"
| #define PACKAGE_TARNAME "frr"
| #define PACKAGE_VERSION "10.6-dev"
| #define PACKAGE_STRING "frr 10.6-dev"
| #define PACKAGE_BUGREPORT "https://github.com/frrouting/frr/issues"
| #define PACKAGE_URL ""
| #define PACKAGE "frr"
| #define VERSION "10.6-dev"
| #define VICI_SOCKET "/var/run/charon.vici"
| #define HAVE_STDIO_H 1
| #define HAVE_STDLIB_H 1
| #define HAVE_STRING_H 1
| #define HAVE_INTTYPES_H 1
| #define HAVE_STDINT_H 1
| #define HAVE_STRINGS_H 1
| #define HAVE_SYS_STAT_H 1
| #define HAVE_SYS_TYPES_H 1
| #define HAVE_UNISTD_H 1
| #define HAVE_WCHAR_H 1
| #define STDC_HEADERS 1
| #define _ALL_SOURCE 1
| #define _DARWIN_C_SOURCE 1
| #define _GNU_SOURCE 1
| #define _HPUX_ALT_XOPEN_SOCKET_API 1
| #define _NETBSD_SOURCE 1
| #define _OPENBSD_SOURCE 1
| #define _POSIX_PTHREAD_SEMANTICS 1
| #define __STDC_WANT_IEC_60559_ATTRIBS_EXT__ 1
| #define __STDC_WANT_IEC_60559_BFP_EXT__ 1
| #define __STDC_WANT_IEC_60559_DFP_EXT__ 1
| #define __STDC_WANT_IEC_60559_FUNCS_EXT__ 1
| #define __STDC_WANT_IEC_60559_TYPES_EXT__ 1
| #define __STDC_WANT_LIB_EXT2__ 1
| #define __STDC_WANT_MATH_SPEC_FUNCS__ 1
| #define _TANDEM_SOURCE 1
| #define __EXTENSIONS__ 1
| #define HAVE_PTHREAD_PRIO_INHERIT 1
| #define HAVE_PTHREAD_SETNAME_NP 1
| #define HAVE_DLFCN_H 1
| #define LT_OBJDIR ".libs/"
| #define CRYPTO_INTERNAL 1
| #define NETLINK_DEBUG 1
| #define DFLT_NAME "traditional"
| #define HAVE_LIBELF 1
| #define HAVE_ELF_GETDATA_RAWCHUNK 1
| #define HAVE_GELF_GETNOTE 1
| #define FRR_USER "frr"
| #define FRR_GROUP "frr"
| #define CONFIGFILE_MASK 0600
| #define LOGFILE_MASK 0600
| #define MULTIPATH_NUM 16
| #define LOG_TIMESTAMP_PRECISION 0
| #define VTYSH_PAGER "more"
| #define INTERP "/lib64/ld-linux-x86-64.so.2"
| #define HAVE_ASM_TYPES_H 1
| #define HAVE_STDATOMIC_H 1
| #define HAVE_SYNC_LINUX_FUTEX /**/
| #define HAVE_NETINET_IP_ICMP_H 1
| #define HAVE_UCONTEXT_H 1
| #define HAVE_UCONTEXT_T_UC_MCONTEXT_GREGS 1
| #define GNU_LINUX 1
| #define HAVE_NETLINK 1
| #define LINUX_IPV6 1
| #define IPV6_MINHOPCOUNT 73
| #define HAVE_STRLCAT 1
| #define HAVE_STRLCPY 1
| #define HAVE_GETGROUPLIST 1
| #define HAVE_GETLOADAVG 1
| #define HAVE_OPENAT 1
| #define HAVE_UNLINKAT 1
| #define HAVE_POSIX_FALLOCATE 1
| #define HAVE_SENDMMSG 1
| #define HAVE_EXPLICIT_BZERO 1
| #define HAVE_STRUCT_MMSGHDR_MSG_HDR 1
| #define HAVE_STRUCT_UTSNAME_DOMAINNAME 1
| #define HAVE_BGPD 1
| #define HAVE_MGMTD 1
| #define HAVE_RIPD 1
| #define HAVE_RIPNGD 1
| #define HAVE_OSPFD 1
| #define HAVE_OSPF6D 1
| #define HAVE_LDPD 1
| #define HAVE_NHRPD 1
| #define HAVE_EIGRPD 1
| #define HAVE_BABELD 1
| #define HAVE_ISISD 1
| #define HAVE_PIMD 1
| #define HAVE_PIM6D 1
| #define HAVE_PBRD 1
| #define HAVE_STATICD 1
| #define HAVE_FABRICD 1
| #define HAVE_VRRPD 1
| #define HAVE_BFDD 1
| #define BFD_LINUX 1
| #define HAVE_PATHD 1
| #define SUPPORT_OSPF_API 1
| #define DISABLE_BGP_ANNOUNCE 0
| #define ENABLE_BGP_VNC 1
| #define ENABLE_VERSION_BUILD_CONFIG 1
| #define HAVE_STRUCT_ND_OPT_ADV_INTERVAL 1
| #define HAVE_STRUCT_ND_OPT_ADV_INTERVAL 1
| #define HAVE_IP_PKTINFO 1
| /* end confdefs.h.  */
| 
|         #include <sys/socket.h>
| 
| int
| main (void)
| {
| 
|         int opt = SO_BINDANY;
| 
|   ;
|   return 0;
| }
| 
configure:32901: result: no
configure:32907: checking for IP_FREEBIND
configure:32925: gcc -c  -g -O2 -I/root/.local/include conftest.c >&5
configure:32925: $? = 0
configure:32928: result: yes
configure:32942: checking whether be32enc is declared
configure:32942: gcc -c  -g -O2  -I/root/.local/include conftest.c >&5
conftest.c: In function 'main':
conftest.c:120:10: error: 'be32enc' undeclared (first use in this function)
  120 |   (void) be32enc;
      |          ^~~~~~~
conftest.c:120:10: note: each undeclared identifier is reported only once for each function it appears in
configure:32942: $? = 1
configure: failed program was:
| /* confdefs.h */
| #define PACKAGE_NAME "frr"
| #define PACKAGE_TARNAME "frr"
| #define PACKAGE_VERSION "10.6-dev"
| #define PACKAGE_STRING "frr 10.6-dev"
| #define PACKAGE_BUGREPORT "https://github.com/frrouting/frr/issues"
| #define PACKAGE_URL ""
| #define PACKAGE "frr"
| #define VERSION "10.6-dev"
| #define VICI_SOCKET "/var/run/charon.vici"
| #define HAVE_STDIO_H 1
| #define HAVE_STDLIB_H 1
| #define HAVE_STRING_H 1
| #define HAVE_INTTYPES_H 1
| #define HAVE_STDINT_H 1
| #define HAVE_STRINGS_H 1
| #define HAVE_SYS_STAT_H 1
| #define HAVE_SYS_TYPES_H 1
| #define HAVE_UNISTD_H 1
| #define HAVE_WCHAR_H 1
| #define STDC_HEADERS 1
| #define _ALL_SOURCE 1
| #define _DARWIN_C_SOURCE 1
| #define _GNU_SOURCE 1
| #define _HPUX_ALT_XOPEN_SOCKET_API 1
| #define _NETBSD_SOURCE 1
| #define _OPENBSD_SOURCE 1
| #define _POSIX_PTHREAD_SEMANTICS 1
| #define __STDC_WANT_IEC_60559_ATTRIBS_EXT__ 1
| #define __STDC_WANT_IEC_60559_BFP_EXT__ 1
| #define __STDC_WANT_IEC_60559_DFP_EXT__ 1
| #define __STDC_WANT_IEC_60559_FUNCS_EXT__ 1
| #define __STDC_WANT_IEC_60559_TYPES_EXT__ 1
| #define __STDC_WANT_LIB_EXT2__ 1
| #define __STDC_WANT_MATH_SPEC_FUNCS__ 1
| #define _TANDEM_SOURCE 1
| #define __EXTENSIONS__ 1
| #define HAVE_PTHREAD_PRIO_INHERIT 1
| #define HAVE_PTHREAD_SETNAME_NP 1
| #define HAVE_DLFCN_H 1
| #define LT_OBJDIR ".libs/"
| #define CRYPTO_INTERNAL 1
| #define NETLINK_DEBUG 1
| #define DFLT_NAME "traditional"
| #define HAVE_LIBELF 1
| #define HAVE_ELF_GETDATA_RAWCHUNK 1
| #define HAVE_GELF_GETNOTE 1
| #define FRR_USER "frr"
| #define FRR_GROUP "frr"
| #define CONFIGFILE_MASK 0600
| #define LOGFILE_MASK 0600
| #define MULTIPATH_NUM 16
| #define LOG_TIMESTAMP_PRECISION 0
| #define VTYSH_PAGER "more"
| #define INTERP "/lib64/ld-linux-x86-64.so.2"
| #define HAVE_ASM_TYPES_H 1
| #define HAVE_STDATOMIC_H 1
| #define HAVE_SYNC_LINUX_FUTEX /**/
| #define HAVE_NETINET_IP_ICMP_H 1
| #define HAVE_UCONTEXT_H 1
| #define HAVE_UCONTEXT_T_UC_MCONTEXT_GREGS 1
| #define GNU_LINUX 1
| #define HAVE_NETLINK 1
| #define LINUX_IPV6 1
| #define IPV6_MINHOPCOUNT 73
| #define HAVE_STRLCAT 1
| #define HAVE_STRLCPY 1
| #define HAVE_GETGROUPLIST 1
| #define HAVE_GETLOADAVG 1
| #define HAVE_OPENAT 1
| #define HAVE_UNLINKAT 1
| #define HAVE_POSIX_FALLOCATE 1
| #define HAVE_SENDMMSG 1
| #define HAVE_EXPLICIT_BZERO 1
| #define HAVE_STRUCT_MMSGHDR_MSG_HDR 1
| #define HAVE_STRUCT_UTSNAME_DOMAINNAME 1
| #define HAVE_BGPD 1
| #define HAVE_MGMTD 1
| #define HAVE_RIPD 1
| #define HAVE_RIPNGD 1
| #define HAVE_OSPFD 1
| #define HAVE_OSPF6D 1
| #define HAVE_LDPD 1
| #define HAVE_NHRPD 1
| #define HAVE_EIGRPD 1
| #define HAVE_BABELD 1
| #define HAVE_ISISD 1
| #define HAVE_PIMD 1
| #define HAVE_PIM6D 1
| #define HAVE_PBRD 1
| #define HAVE_STATICD 1
| #define HAVE_FABRICD 1
| #define HAVE_VRRPD 1
| #define HAVE_BFDD 1
| #define BFD_LINUX 1
| #define HAVE_PATHD 1
| #define SUPPORT_OSPF_API 1
| #define DISABLE_BGP_ANNOUNCE 0
| #define ENABLE_BGP_VNC 1
| #define ENABLE_VERSION_BUILD_CONFIG 1
| #define HAVE_STRUCT_ND_OPT_ADV_INTERVAL 1
| #define HAVE_STRUCT_ND_OPT_ADV_INTERVAL 1
| #define HAVE_IP_PKTINFO 1
| #define HAVE_IP_FREEBIND 1
| /* end confdefs.h.  */
| 
|         #ifdef HAVE_SYS_ENDIAN_H
|         #include <sys/endian.h>
|         #endif
|         #include <endian.h>
| 
| 
| int
| main (void)
| {
| #ifndef be32enc
| #ifdef __cplusplus
|   (void) be32enc;
| #else
|   (void) be32enc;
| #endif
| #endif
| 
|   ;
|   return 0;
| }
configure:32942: result: no
configure:32956: checking whether be32dec is declared
configure:32956: gcc -c  -g -O2  -I/root/.local/include conftest.c >&5
conftest.c: In function 'main':
conftest.c:121:10: error: 'be32dec' undeclared (first use in this function)
  121 |   (void) be32dec;
      |          ^~~~~~~
conftest.c:121:10: note: each undeclared identifier is reported only once for each function it appears in
configure:32956: $? = 1
configure: failed program was:
| /* confdefs.h */
| #define PACKAGE_NAME "frr"
| #define PACKAGE_TARNAME "frr"
| #define PACKAGE_VERSION "10.6-dev"
| #define PACKAGE_STRING "frr 10.6-dev"
| #define PACKAGE_BUGREPORT "https://github.com/frrouting/frr/issues"
| #define PACKAGE_URL ""
| #define PACKAGE "frr"
| #define VERSION "10.6-dev"
| #define VICI_SOCKET "/var/run/charon.vici"
| #define HAVE_STDIO_H 1
| #define HAVE_STDLIB_H 1
| #define HAVE_STRING_H 1
| #define HAVE_INTTYPES_H 1
| #define HAVE_STDINT_H 1
| #define HAVE_STRINGS_H 1
| #define HAVE_SYS_STAT_H 1
| #define HAVE_SYS_TYPES_H 1
| #define HAVE_UNISTD_H 1
| #define HAVE_WCHAR_H 1
| #define STDC_HEADERS 1
| #define _ALL_SOURCE 1
| #define _DARWIN_C_SOURCE 1
| #define _GNU_SOURCE 1
| #define _HPUX_ALT_XOPEN_SOCKET_API 1
| #define _NETBSD_SOURCE 1
| #define _OPENBSD_SOURCE 1
| #define _POSIX_PTHREAD_SEMANTICS 1
| #define __STDC_WANT_IEC_60559_ATTRIBS_EXT__ 1
| #define __STDC_WANT_IEC_60559_BFP_EXT__ 1
| #define __STDC_WANT_IEC_60559_DFP_EXT__ 1
| #define __STDC_WANT_IEC_60559_FUNCS_EXT__ 1
| #define __STDC_WANT_IEC_60559_TYPES_EXT__ 1
| #define __STDC_WANT_LIB_EXT2__ 1
| #define __STDC_WANT_MATH_SPEC_FUNCS__ 1
| #define _TANDEM_SOURCE 1
| #define __EXTENSIONS__ 1
| #define HAVE_PTHREAD_PRIO_INHERIT 1
| #define HAVE_PTHREAD_SETNAME_NP 1
| #define HAVE_DLFCN_H 1
| #define LT_OBJDIR ".libs/"
| #define CRYPTO_INTERNAL 1
| #define NETLINK_DEBUG 1
| #define DFLT_NAME "traditional"
| #define HAVE_LIBELF 1
| #define HAVE_ELF_GETDATA_RAWCHUNK 1
| #define HAVE_GELF_GETNOTE 1
| #define FRR_USER "frr"
| #define FRR_GROUP "frr"
| #define CONFIGFILE_MASK 0600
| #define LOGFILE_MASK 0600
| #define MULTIPATH_NUM 16
| #define LOG_TIMESTAMP_PRECISION 0
| #define VTYSH_PAGER "more"
| #define INTERP "/lib64/ld-linux-x86-64.so.2"
| #define HAVE_ASM_TYPES_H 1
| #define HAVE_STDATOMIC_H 1
| #define HAVE_SYNC_LINUX_FUTEX /**/
| #define HAVE_NETINET_IP_ICMP_H 1
| #define HAVE_UCONTEXT_H 1
| #define HAVE_UCONTEXT_T_UC_MCONTEXT_GREGS 1
| #define GNU_LINUX 1
| #define HAVE_NETLINK 1
| #define LINUX_IPV6 1
| #define IPV6_MINHOPCOUNT 73
| #define HAVE_STRLCAT 1
| #define HAVE_STRLCPY 1
| #define HAVE_GETGROUPLIST 1
| #define HAVE_GETLOADAVG 1
| #define HAVE_OPENAT 1
| #define HAVE_UNLINKAT 1
| #define HAVE_POSIX_FALLOCATE 1
| #define HAVE_SENDMMSG 1
| #define HAVE_EXPLICIT_BZERO 1
| #define HAVE_STRUCT_MMSGHDR_MSG_HDR 1
| #define HAVE_STRUCT_UTSNAME_DOMAINNAME 1
| #define HAVE_BGPD 1
| #define HAVE_MGMTD 1
| #define HAVE_RIPD 1
| #define HAVE_RIPNGD 1
| #define HAVE_OSPFD 1
| #define HAVE_OSPF6D 1
| #define HAVE_LDPD 1
| #define HAVE_NHRPD 1
| #define HAVE_EIGRPD 1
| #define HAVE_BABELD 1
| #define HAVE_ISISD 1
| #define HAVE_PIMD 1
| #define HAVE_PIM6D 1
| #define HAVE_PBRD 1
| #define HAVE_STATICD 1
| #define HAVE_FABRICD 1
| #define HAVE_VRRPD 1
| #define HAVE_BFDD 1
| #define BFD_LINUX 1
| #define HAVE_PATHD 1
| #define SUPPORT_OSPF_API 1
| #define DISABLE_BGP_ANNOUNCE 0
| #define ENABLE_BGP_VNC 1
| #define ENABLE_VERSION_BUILD_CONFIG 1
| #define HAVE_STRUCT_ND_OPT_ADV_INTERVAL 1
| #define HAVE_STRUCT_ND_OPT_ADV_INTERVAL 1
| #define HAVE_IP_PKTINFO 1
| #define HAVE_IP_FREEBIND 1
| #define HAVE_DECL_BE32ENC 0
| /* end confdefs.h.  */
| 
|         #ifdef HAVE_SYS_ENDIAN_H
|         #include <sys/endian.h>
|         #endif
|         #include <endian.h>
| 
| 
| int
| main (void)
| {
| #ifndef be32dec
| #ifdef __cplusplus
|   (void) be32dec;
| #else
|   (void) be32dec;
| #endif
| #endif
| 
|   ;
|   return 0;
| }
configure:32956: result: no
configure:32972: checking for clock_gettime in -lrt
configure:32995: gcc -o conftest  -g -O2 -I/root/.local/include -L/root/.local/lib -g conftest.c -lrt    -latomic >&5
configure:32995: $? = 0
configure:33005: result: yes
configure:33013: checking for library containing clock_nanosleep
configure:33043: gcc -o conftest  -g -O2 -I/root/.local/include -L/root/.local/lib -g conftest.c   -latomic -lrt >&5
configure:33043: $? = 0
configure:33063: result: none required
configure:33083: checking for flex
configure:33104: found /root/.local/bin/flex
configure:33115: result: flex
configure:33164: checking for lex output file root
configure:33177: flex conftest.l
configure:33181: $? = 0
configure:33189: result: lex.yy
configure:33204: checking for lex library
configure:33229: gcc -o conftest  -g -O2 -I/root/.local/include -L/root/.local/lib -g conftest.c   -latomic -lrt >&5
configure:33229: $? = 0
configure:33242: result: none needed
configure:33262: checking whether yytext is a pointer
configure:33278: gcc -c  -g -O2 -I/root/.local/include conftest.c >&5
configure:33278: $? = 0
configure:33285: result: yes
configure:33299: checking version of flex
configure:33303: result: 2.6.4
configure:33357: checking for bison
configure:33378: found /usr/bin/bison
configure:33389: result: bison -y
configure:33401: checking version of bison
configure:33439: result: 3.8.2 - 3.3 or newer
configure:33458: checking whether prctl PR_SET_KEEPCAPS is available
configure:33476: gcc -c  -g -O2 -I/root/.local/include conftest.c >&5
configure:33476: $? = 0
configure:33478: result: yes
configure:33492: checking for sys/capability.h
configure:33492: gcc -c  -g -O2 -I/root/.local/include conftest.c >&5
configure:33492: $? = 0
configure:33492: result: yes
configure:33501: checking for cap_init in -lcap
configure:33524: gcc -o conftest  -g -O2 -I/root/.local/include -L/root/.local/lib -g conftest.c -lcap    -latomic -lrt >&5
configure:33524: $? = 0
configure:33534: result: yes
configure:33588: checking for UNWIND (libunwind)
configure:33595: $PKG_CONFIG --exists --print-errors "libunwind"
Package libunwind was not found in the pkg-config search path.
Perhaps you should add the directory containing `libunwind.pc'
to the PKG_CONFIG_PATH environment variable
Package 'libunwind', required by 'virtual:world', not found
configure:33598: $? = 1
configure:33612: $PKG_CONFIG --exists --print-errors "libunwind"
Package libunwind was not found in the pkg-config search path.
Perhaps you should add the directory containing `libunwind.pc'
to the PKG_CONFIG_PATH environment variable
Package 'libunwind', required by 'virtual:world', not found
configure:33615: $? = 1
configure:33629: result: no
Package 'libunwind', required by 'virtual:world', not found
configure:33646: checking for libunwind.h
configure:33646: gcc -c  -g -O2 -I/root/.local/include conftest.c >&5
conftest.c:142:10: fatal error: libunwind.h: No such file or directory
  142 | #include <libunwind.h>
      |          ^~~~~~~~~~~~~
compilation terminated.
configure:33646: $? = 1
configure: failed program was:
| /* confdefs.h */
| #define PACKAGE_NAME "frr"
| #define PACKAGE_TARNAME "frr"
| #define PACKAGE_VERSION "10.6-dev"
| #define PACKAGE_STRING "frr 10.6-dev"
| #define PACKAGE_BUGREPORT "https://github.com/frrouting/frr/issues"
| #define PACKAGE_URL ""
| #define PACKAGE "frr"
| #define VERSION "10.6-dev"
| #define VICI_SOCKET "/var/run/charon.vici"
| #define HAVE_STDIO_H 1
| #define HAVE_STDLIB_H 1
| #define HAVE_STRING_H 1
| #define HAVE_INTTYPES_H 1
| #define HAVE_STDINT_H 1
| #define HAVE_STRINGS_H 1
| #define HAVE_SYS_STAT_H 1
| #define HAVE_SYS_TYPES_H 1
| #define HAVE_UNISTD_H 1
| #define HAVE_WCHAR_H 1
| #define STDC_HEADERS 1
| #define _ALL_SOURCE 1
| #define _DARWIN_C_SOURCE 1
| #define _GNU_SOURCE 1
| #define _HPUX_ALT_XOPEN_SOCKET_API 1
| #define _NETBSD_SOURCE 1
| #define _OPENBSD_SOURCE 1
| #define _POSIX_PTHREAD_SEMANTICS 1
| #define __STDC_WANT_IEC_60559_ATTRIBS_EXT__ 1
| #define __STDC_WANT_IEC_60559_BFP_EXT__ 1
| #define __STDC_WANT_IEC_60559_DFP_EXT__ 1
| #define __STDC_WANT_IEC_60559_FUNCS_EXT__ 1
| #define __STDC_WANT_IEC_60559_TYPES_EXT__ 1
| #define __STDC_WANT_LIB_EXT2__ 1
| #define __STDC_WANT_MATH_SPEC_FUNCS__ 1
| #define _TANDEM_SOURCE 1
| #define __EXTENSIONS__ 1
| #define HAVE_PTHREAD_PRIO_INHERIT 1
| #define HAVE_PTHREAD_SETNAME_NP 1
| #define HAVE_DLFCN_H 1
| #define LT_OBJDIR ".libs/"
| #define CRYPTO_INTERNAL 1
| #define NETLINK_DEBUG 1
| #define DFLT_NAME "traditional"
| #define HAVE_LIBELF 1
| #define HAVE_ELF_GETDATA_RAWCHUNK 1
| #define HAVE_GELF_GETNOTE 1
| #define FRR_USER "frr"
| #define FRR_GROUP "frr"
| #define CONFIGFILE_MASK 0600
| #define LOGFILE_MASK 0600
| #define MULTIPATH_NUM 16
| #define LOG_TIMESTAMP_PRECISION 0
| #define VTYSH_PAGER "more"
| #define INTERP "/lib64/ld-linux-x86-64.so.2"
| #define HAVE_ASM_TYPES_H 1
| #define HAVE_STDATOMIC_H 1
| #define HAVE_SYNC_LINUX_FUTEX /**/
| #define HAVE_NETINET_IP_ICMP_H 1
| #define HAVE_UCONTEXT_H 1
| #define HAVE_UCONTEXT_T_UC_MCONTEXT_GREGS 1
| #define GNU_LINUX 1
| #define HAVE_NETLINK 1
| #define LINUX_IPV6 1
| #define IPV6_MINHOPCOUNT 73
| #define HAVE_STRLCAT 1
| #define HAVE_STRLCPY 1
| #define HAVE_GETGROUPLIST 1
| #define HAVE_GETLOADAVG 1
| #define HAVE_OPENAT 1
| #define HAVE_UNLINKAT 1
| #define HAVE_POSIX_FALLOCATE 1
| #define HAVE_SENDMMSG 1
| #define HAVE_EXPLICIT_BZERO 1
| #define HAVE_STRUCT_MMSGHDR_MSG_HDR 1
| #define HAVE_STRUCT_UTSNAME_DOMAINNAME 1
| #define HAVE_BGPD 1
| #define HAVE_MGMTD 1
| #define HAVE_RIPD 1
| #define HAVE_RIPNGD 1
| #define HAVE_OSPFD 1
| #define HAVE_OSPF6D 1
| #define HAVE_LDPD 1
| #define HAVE_NHRPD 1
| #define HAVE_EIGRPD 1
| #define HAVE_BABELD 1
| #define HAVE_ISISD 1
| #define HAVE_PIMD 1
| #define HAVE_PIM6D 1
| #define HAVE_PBRD 1
| #define HAVE_STATICD 1
| #define HAVE_FABRICD 1
| #define HAVE_VRRPD 1
| #define HAVE_BFDD 1
| #define BFD_LINUX 1
| #define HAVE_PATHD 1
| #define SUPPORT_OSPF_API 1
| #define DISABLE_BGP_ANNOUNCE 0
| #define ENABLE_BGP_VNC 1
| #define ENABLE_VERSION_BUILD_CONFIG 1
| #define HAVE_STRUCT_ND_OPT_ADV_INTERVAL 1
| #define HAVE_STRUCT_ND_OPT_ADV_INTERVAL 1
| #define HAVE_IP_PKTINFO 1
| #define HAVE_IP_FREEBIND 1
| #define HAVE_DECL_BE32ENC 0
| #define HAVE_DECL_BE32DEC 0
| #define HAVE_CLOCK_NANOSLEEP 1
| #define YYTEXT_POINTER 1
| #define HAVE_PR_SET_KEEPCAPS 1
| #define HAVE_SYS_CAPABILITY_H 1
| #define HAVE_LCAPS 1
| #define HAVE_CAPABILITIES 1
| /* end confdefs.h.  */
| #include <stddef.h>
| #ifdef HAVE_STDIO_H
| # include <stdio.h>
| #endif
| #ifdef HAVE_STDLIB_H
| # include <stdlib.h>
| #endif
| #ifdef HAVE_STRING_H
| # include <string.h>
| #endif
| #ifdef HAVE_INTTYPES_H
| # include <inttypes.h>
| #endif
| #ifdef HAVE_STDINT_H
| # include <stdint.h>
| #endif
| #ifdef HAVE_STRINGS_H
| # include <strings.h>
| #endif
| #ifdef HAVE_SYS_TYPES_H
| # include <sys/types.h>
| #endif
| #ifdef HAVE_SYS_STAT_H
| # include <sys/stat.h>
| #endif
| #ifdef HAVE_UNISTD_H
| # include <unistd.h>
| #endif
| #include <libunwind.h>
configure:33646: result: no
configure:33815: checking for execinfo.h
configure:33815: gcc -c  -g -O2 -I/root/.local/include conftest.c >&5
configure:33815: $? = 0
configure:33815: result: yes
configure:33819: checking for library containing backtrace
configure:33849: gcc -o conftest  -g -O2 -I/root/.local/include -L/root/.local/lib -g conftest.c   -latomic -lrt >&5
configure:33849: $? = 0
configure:33869: result: none required
configure:33902: checking for malloc.h
configure:33902: gcc -c  -g -O2 -I/root/.local/include conftest.c >&5
configure:33902: $? = 0
configure:33902: result: yes
configure:33958: checking for malloc_np.h
configure:33958: gcc -c  -g -O2 -I/root/.local/include conftest.c >&5
conftest.c:167:10: fatal error: malloc_np.h: No such file or directory
  167 | #include <malloc_np.h>
      |          ^~~~~~~~~~~~~
compilation terminated.
configure:33958: $? = 1
configure: failed program was:
| /* confdefs.h */
| #define PACKAGE_NAME "frr"
| #define PACKAGE_TARNAME "frr"
| #define PACKAGE_VERSION "10.6-dev"
| #define PACKAGE_STRING "frr 10.6-dev"
| #define PACKAGE_BUGREPORT "https://github.com/frrouting/frr/issues"
| #define PACKAGE_URL ""
| #define PACKAGE "frr"
| #define VERSION "10.6-dev"
| #define VICI_SOCKET "/var/run/charon.vici"
| #define HAVE_STDIO_H 1
| #define HAVE_STDLIB_H 1
| #define HAVE_STRING_H 1
| #define HAVE_INTTYPES_H 1
| #define HAVE_STDINT_H 1
| #define HAVE_STRINGS_H 1
| #define HAVE_SYS_STAT_H 1
| #define HAVE_SYS_TYPES_H 1
| #define HAVE_UNISTD_H 1
| #define HAVE_WCHAR_H 1
| #define STDC_HEADERS 1
| #define _ALL_SOURCE 1
| #define _DARWIN_C_SOURCE 1
| #define _GNU_SOURCE 1
| #define _HPUX_ALT_XOPEN_SOCKET_API 1
| #define _NETBSD_SOURCE 1
| #define _OPENBSD_SOURCE 1
| #define _POSIX_PTHREAD_SEMANTICS 1
| #define __STDC_WANT_IEC_60559_ATTRIBS_EXT__ 1
| #define __STDC_WANT_IEC_60559_BFP_EXT__ 1
| #define __STDC_WANT_IEC_60559_DFP_EXT__ 1
| #define __STDC_WANT_IEC_60559_FUNCS_EXT__ 1
| #define __STDC_WANT_IEC_60559_TYPES_EXT__ 1
| #define __STDC_WANT_LIB_EXT2__ 1
| #define __STDC_WANT_MATH_SPEC_FUNCS__ 1
| #define _TANDEM_SOURCE 1
| #define __EXTENSIONS__ 1
| #define HAVE_PTHREAD_PRIO_INHERIT 1
| #define HAVE_PTHREAD_SETNAME_NP 1
| #define HAVE_DLFCN_H 1
| #define LT_OBJDIR ".libs/"
| #define CRYPTO_INTERNAL 1
| #define NETLINK_DEBUG 1
| #define DFLT_NAME "traditional"
| #define HAVE_LIBELF 1
| #define HAVE_ELF_GETDATA_RAWCHUNK 1
| #define HAVE_GELF_GETNOTE 1
| #define FRR_USER "frr"
| #define FRR_GROUP "frr"
| #define CONFIGFILE_MASK 0600
| #define LOGFILE_MASK 0600
| #define MULTIPATH_NUM 16
| #define LOG_TIMESTAMP_PRECISION 0
| #define VTYSH_PAGER "more"
| #define INTERP "/lib64/ld-linux-x86-64.so.2"
| #define HAVE_ASM_TYPES_H 1
| #define HAVE_STDATOMIC_H 1
| #define HAVE_SYNC_LINUX_FUTEX /**/
| #define HAVE_NETINET_IP_ICMP_H 1
| #define HAVE_UCONTEXT_H 1
| #define HAVE_UCONTEXT_T_UC_MCONTEXT_GREGS 1
| #define GNU_LINUX 1
| #define HAVE_NETLINK 1
| #define LINUX_IPV6 1
| #define IPV6_MINHOPCOUNT 73
| #define HAVE_STRLCAT 1
| #define HAVE_STRLCPY 1
| #define HAVE_GETGROUPLIST 1
| #define HAVE_GETLOADAVG 1
| #define HAVE_OPENAT 1
| #define HAVE_UNLINKAT 1
| #define HAVE_POSIX_FALLOCATE 1
| #define HAVE_SENDMMSG 1
| #define HAVE_EXPLICIT_BZERO 1
| #define HAVE_STRUCT_MMSGHDR_MSG_HDR 1
| #define HAVE_STRUCT_UTSNAME_DOMAINNAME 1
| #define HAVE_BGPD 1
| #define HAVE_MGMTD 1
| #define HAVE_RIPD 1
| #define HAVE_RIPNGD 1
| #define HAVE_OSPFD 1
| #define HAVE_OSPF6D 1
| #define HAVE_LDPD 1
| #define HAVE_NHRPD 1
| #define HAVE_EIGRPD 1
| #define HAVE_BABELD 1
| #define HAVE_ISISD 1
| #define HAVE_PIMD 1
| #define HAVE_PIM6D 1
| #define HAVE_PBRD 1
| #define HAVE_STATICD 1
| #define HAVE_FABRICD 1
| #define HAVE_VRRPD 1
| #define HAVE_BFDD 1
| #define BFD_LINUX 1
| #define HAVE_PATHD 1
| #define SUPPORT_OSPF_API 1
| #define DISABLE_BGP_ANNOUNCE 0
| #define ENABLE_BGP_VNC 1
| #define ENABLE_VERSION_BUILD_CONFIG 1
| #define HAVE_STRUCT_ND_OPT_ADV_INTERVAL 1
| #define HAVE_STRUCT_ND_OPT_ADV_INTERVAL 1
| #define HAVE_IP_PKTINFO 1
| #define HAVE_IP_FREEBIND 1
| #define HAVE_DECL_BE32ENC 0
| #define HAVE_DECL_BE32DEC 0
| #define HAVE_CLOCK_NANOSLEEP 1
| #define YYTEXT_POINTER 1
| #define HAVE_PR_SET_KEEPCAPS 1
| #define HAVE_SYS_CAPABILITY_H 1
| #define HAVE_LCAPS 1
| #define HAVE_CAPABILITIES 1
| #define HAVE_GLIBC_BACKTRACE 1
| #define HAVE_MALLOC_H 1
| /* end confdefs.h.  */
| #ifdef SUNOS_5
| #define _POSIX_C_SOURCE 200809L
| #define __EXTENSIONS__
| #endif
| #include <stdio.h>
| #include <stdlib.h>
| #include <stddef.h>
| #include <sys/types.h>
| #include <sys/param.h>
| /* Required for MAXSIG */
| #include <signal.h>
| #include <sys/socket.h>
| #include <netinet/in.h>
| #include <sys/time.h>
| #include <time.h>
| #include <net/if.h>
| 
| 
| #include <sys/un.h>
| #include <netinet/in_systm.h>
| #ifdef HAVE_NETINET_IN_VAR_H
| # include <netinet/in_var.h>
| #endif
| #ifndef __linux__
| # include <net/if_dl.h>
| #endif
| #include <net/route.h>
| #include <arpa/inet.h>
| /* Required for IDRP */
| #ifdef HAVE_NETINET_IP_ICMP_H
| # include <netinet/ip_icmp.h>
| #endif
| 
| #ifdef HAVE_LINUX_MROUTE_H
| # include <linux/mroute.h>
| #endif
| 
| #ifdef HAVE_NETINET_IP_MROUTE_H
| # include <netinet/ip_mroute.h>
| #endif
| 
| #ifdef HAVE_NETINET_IP6_MROUTE_H
| # include <netinet6/ip6_mroute.h>
| #endif
| 
| #include <netinet/icmp6.h>
| #ifdef HAVE_NETINET6_ND6_H
| # include <netinet6/nd6.h>
| #endif
| 
| 
| #include <malloc_np.h>
configure:33958: result: no
configure:34014: checking for malloc/malloc.h
configure:34014: gcc -c  -g -O2 -I/root/.local/include conftest.c >&5
conftest.c:167:10: fatal error: malloc/malloc.h: No such file or directory
  167 | #include <malloc/malloc.h>
      |          ^~~~~~~~~~~~~~~~~
compilation terminated.
configure:34014: $? = 1
configure: failed program was:
| /* confdefs.h */
| #define PACKAGE_NAME "frr"
| #define PACKAGE_TARNAME "frr"
| #define PACKAGE_VERSION "10.6-dev"
| #define PACKAGE_STRING "frr 10.6-dev"
| #define PACKAGE_BUGREPORT "https://github.com/frrouting/frr/issues"
| #define PACKAGE_URL ""
| #define PACKAGE "frr"
| #define VERSION "10.6-dev"
| #define VICI_SOCKET "/var/run/charon.vici"
| #define HAVE_STDIO_H 1
| #define HAVE_STDLIB_H 1
| #define HAVE_STRING_H 1
| #define HAVE_INTTYPES_H 1
| #define HAVE_STDINT_H 1
| #define HAVE_STRINGS_H 1
| #define HAVE_SYS_STAT_H 1
| #define HAVE_SYS_TYPES_H 1
| #define HAVE_UNISTD_H 1
| #define HAVE_WCHAR_H 1
| #define STDC_HEADERS 1
| #define _ALL_SOURCE 1
| #define _DARWIN_C_SOURCE 1
| #define _GNU_SOURCE 1
| #define _HPUX_ALT_XOPEN_SOCKET_API 1
| #define _NETBSD_SOURCE 1
| #define _OPENBSD_SOURCE 1
| #define _POSIX_PTHREAD_SEMANTICS 1
| #define __STDC_WANT_IEC_60559_ATTRIBS_EXT__ 1
| #define __STDC_WANT_IEC_60559_BFP_EXT__ 1
| #define __STDC_WANT_IEC_60559_DFP_EXT__ 1
| #define __STDC_WANT_IEC_60559_FUNCS_EXT__ 1
| #define __STDC_WANT_IEC_60559_TYPES_EXT__ 1
| #define __STDC_WANT_LIB_EXT2__ 1
| #define __STDC_WANT_MATH_SPEC_FUNCS__ 1
| #define _TANDEM_SOURCE 1
| #define __EXTENSIONS__ 1
| #define HAVE_PTHREAD_PRIO_INHERIT 1
| #define HAVE_PTHREAD_SETNAME_NP 1
| #define HAVE_DLFCN_H 1
| #define LT_OBJDIR ".libs/"
| #define CRYPTO_INTERNAL 1
| #define NETLINK_DEBUG 1
| #define DFLT_NAME "traditional"
| #define HAVE_LIBELF 1
| #define HAVE_ELF_GETDATA_RAWCHUNK 1
| #define HAVE_GELF_GETNOTE 1
| #define FRR_USER "frr"
| #define FRR_GROUP "frr"
| #define CONFIGFILE_MASK 0600
| #define LOGFILE_MASK 0600
| #define MULTIPATH_NUM 16
| #define LOG_TIMESTAMP_PRECISION 0
| #define VTYSH_PAGER "more"
| #define INTERP "/lib64/ld-linux-x86-64.so.2"
| #define HAVE_ASM_TYPES_H 1
| #define HAVE_STDATOMIC_H 1
| #define HAVE_SYNC_LINUX_FUTEX /**/
| #define HAVE_NETINET_IP_ICMP_H 1
| #define HAVE_UCONTEXT_H 1
| #define HAVE_UCONTEXT_T_UC_MCONTEXT_GREGS 1
| #define GNU_LINUX 1
| #define HAVE_NETLINK 1
| #define LINUX_IPV6 1
| #define IPV6_MINHOPCOUNT 73
| #define HAVE_STRLCAT 1
| #define HAVE_STRLCPY 1
| #define HAVE_GETGROUPLIST 1
| #define HAVE_GETLOADAVG 1
| #define HAVE_OPENAT 1
| #define HAVE_UNLINKAT 1
| #define HAVE_POSIX_FALLOCATE 1
| #define HAVE_SENDMMSG 1
| #define HAVE_EXPLICIT_BZERO 1
| #define HAVE_STRUCT_MMSGHDR_MSG_HDR 1
| #define HAVE_STRUCT_UTSNAME_DOMAINNAME 1
| #define HAVE_BGPD 1
| #define HAVE_MGMTD 1
| #define HAVE_RIPD 1
| #define HAVE_RIPNGD 1
| #define HAVE_OSPFD 1
| #define HAVE_OSPF6D 1
| #define HAVE_LDPD 1
| #define HAVE_NHRPD 1
| #define HAVE_EIGRPD 1
| #define HAVE_BABELD 1
| #define HAVE_ISISD 1
| #define HAVE_PIMD 1
| #define HAVE_PIM6D 1
| #define HAVE_PBRD 1
| #define HAVE_STATICD 1
| #define HAVE_FABRICD 1
| #define HAVE_VRRPD 1
| #define HAVE_BFDD 1
| #define BFD_LINUX 1
| #define HAVE_PATHD 1
| #define SUPPORT_OSPF_API 1
| #define DISABLE_BGP_ANNOUNCE 0
| #define ENABLE_BGP_VNC 1
| #define ENABLE_VERSION_BUILD_CONFIG 1
| #define HAVE_STRUCT_ND_OPT_ADV_INTERVAL 1
| #define HAVE_STRUCT_ND_OPT_ADV_INTERVAL 1
| #define HAVE_IP_PKTINFO 1
| #define HAVE_IP_FREEBIND 1
| #define HAVE_DECL_BE32ENC 0
| #define HAVE_DECL_BE32DEC 0
| #define HAVE_CLOCK_NANOSLEEP 1
| #define YYTEXT_POINTER 1
| #define HAVE_PR_SET_KEEPCAPS 1
| #define HAVE_SYS_CAPABILITY_H 1
| #define HAVE_LCAPS 1
| #define HAVE_CAPABILITIES 1
| #define HAVE_GLIBC_BACKTRACE 1
| #define HAVE_MALLOC_H 1
| /* end confdefs.h.  */
| #ifdef SUNOS_5
| #define _POSIX_C_SOURCE 200809L
| #define __EXTENSIONS__
| #endif
| #include <stdio.h>
| #include <stdlib.h>
| #include <stddef.h>
| #include <sys/types.h>
| #include <sys/param.h>
| /* Required for MAXSIG */
| #include <signal.h>
| #include <sys/socket.h>
| #include <netinet/in.h>
| #include <sys/time.h>
| #include <time.h>
| #include <net/if.h>
| 
| 
| #include <sys/un.h>
| #include <netinet/in_systm.h>
| #ifdef HAVE_NETINET_IN_VAR_H
| # include <netinet/in_var.h>
| #endif
| #ifndef __linux__
| # include <net/if_dl.h>
| #endif
| #include <net/route.h>
| #include <arpa/inet.h>
| /* Required for IDRP */
| #ifdef HAVE_NETINET_IP_ICMP_H
| # include <netinet/ip_icmp.h>
| #endif
| 
| #ifdef HAVE_LINUX_MROUTE_H
| # include <linux/mroute.h>
| #endif
| 
| #ifdef HAVE_NETINET_IP_MROUTE_H
| # include <netinet/ip_mroute.h>
| #endif
| 
| #ifdef HAVE_NETINET_IP6_MROUTE_H
| # include <netinet6/ip6_mroute.h>
| #endif
| 
| #include <netinet/icmp6.h>
| #ifdef HAVE_NETINET6_ND6_H
| # include <netinet6/nd6.h>
| #endif
| 
| 
| #include <malloc/malloc.h>
configure:34014: result: no
configure:34072: checking whether mallinfo is available
configure:34151: gcc -o conftest  -g -O2 -I/root/.local/include -L/root/.local/lib -g conftest.c   -latomic -lrt >&5
conftest.c: In function 'main':
conftest.c:180:8: warning: 'mallinfo' is deprecated [-Wdeprecated-declarations]
  180 | struct mallinfo ac_x; ac_x = mallinfo ();
      |        ^~~~~~~~
In file included from conftest.c:167:
/usr/include/malloc.h:114:24: note: declared here
  114 | extern struct mallinfo mallinfo (void) __THROW __MALLOC_DEPRECATED;
      |                        ^~~~~~~~
configure:34151: $? = 0
configure:34165: result: yes
configure:34173: checking whether mallinfo2 is available
configure:34252: gcc -o conftest  -g -O2 -I/root/.local/include -L/root/.local/lib -g conftest.c   -latomic -lrt >&5
configure:34252: $? = 0
configure:34266: result: yes
configure:34274: checking whether malloc_usable_size is available
configure:34345: gcc -o conftest  -g -O2 -I/root/.local/include -L/root/.local/lib -g conftest.c   -latomic -lrt >&5
configure:34345: $? = 0
configure:34348: result: yes
configure:34654: checking for CU_initialize_registry in -lcunit
configure:34677: gcc -o conftest  -g -O2 -I/root/.local/include -L/root/.local/lib -g conftest.c -lcunit    -latomic -lrt >&5
/usr/bin/ld: cannot find -lcunit: No such file or directory
collect2: error: ld returned 1 exit status
configure:34677: $? = 1
configure: failed program was:
| /* confdefs.h */
| #define PACKAGE_NAME "frr"
| #define PACKAGE_TARNAME "frr"
| #define PACKAGE_VERSION "10.6-dev"
| #define PACKAGE_STRING "frr 10.6-dev"
| #define PACKAGE_BUGREPORT "https://github.com/frrouting/frr/issues"
| #define PACKAGE_URL ""
| #define PACKAGE "frr"
| #define VERSION "10.6-dev"
| #define VICI_SOCKET "/var/run/charon.vici"
| #define HAVE_STDIO_H 1
| #define HAVE_STDLIB_H 1
| #define HAVE_STRING_H 1
| #define HAVE_INTTYPES_H 1
| #define HAVE_STDINT_H 1
| #define HAVE_STRINGS_H 1
| #define HAVE_SYS_STAT_H 1
| #define HAVE_SYS_TYPES_H 1
| #define HAVE_UNISTD_H 1
| #define HAVE_WCHAR_H 1
| #define STDC_HEADERS 1
| #define _ALL_SOURCE 1
| #define _DARWIN_C_SOURCE 1
| #define _GNU_SOURCE 1
| #define _HPUX_ALT_XOPEN_SOCKET_API 1
| #define _NETBSD_SOURCE 1
| #define _OPENBSD_SOURCE 1
| #define _POSIX_PTHREAD_SEMANTICS 1
| #define __STDC_WANT_IEC_60559_ATTRIBS_EXT__ 1
| #define __STDC_WANT_IEC_60559_BFP_EXT__ 1
| #define __STDC_WANT_IEC_60559_DFP_EXT__ 1
| #define __STDC_WANT_IEC_60559_FUNCS_EXT__ 1
| #define __STDC_WANT_IEC_60559_TYPES_EXT__ 1
| #define __STDC_WANT_LIB_EXT2__ 1
| #define __STDC_WANT_MATH_SPEC_FUNCS__ 1
| #define _TANDEM_SOURCE 1
| #define __EXTENSIONS__ 1
| #define HAVE_PTHREAD_PRIO_INHERIT 1
| #define HAVE_PTHREAD_SETNAME_NP 1
| #define HAVE_DLFCN_H 1
| #define LT_OBJDIR ".libs/"
| #define CRYPTO_INTERNAL 1
| #define NETLINK_DEBUG 1
| #define DFLT_NAME "traditional"
| #define HAVE_LIBELF 1
| #define HAVE_ELF_GETDATA_RAWCHUNK 1
| #define HAVE_GELF_GETNOTE 1
| #define FRR_USER "frr"
| #define FRR_GROUP "frr"
| #define CONFIGFILE_MASK 0600
| #define LOGFILE_MASK 0600
| #define MULTIPATH_NUM 16
| #define LOG_TIMESTAMP_PRECISION 0
| #define VTYSH_PAGER "more"
| #define INTERP "/lib64/ld-linux-x86-64.so.2"
| #define HAVE_ASM_TYPES_H 1
| #define HAVE_STDATOMIC_H 1
| #define HAVE_SYNC_LINUX_FUTEX /**/
| #define HAVE_NETINET_IP_ICMP_H 1
| #define HAVE_UCONTEXT_H 1
| #define HAVE_UCONTEXT_T_UC_MCONTEXT_GREGS 1
| #define GNU_LINUX 1
| #define HAVE_NETLINK 1
| #define LINUX_IPV6 1
| #define IPV6_MINHOPCOUNT 73
| #define HAVE_STRLCAT 1
| #define HAVE_STRLCPY 1
| #define HAVE_GETGROUPLIST 1
| #define HAVE_GETLOADAVG 1
| #define HAVE_OPENAT 1
| #define HAVE_UNLINKAT 1
| #define HAVE_POSIX_FALLOCATE 1
| #define HAVE_SENDMMSG 1
| #define HAVE_EXPLICIT_BZERO 1
| #define HAVE_STRUCT_MMSGHDR_MSG_HDR 1
| #define HAVE_STRUCT_UTSNAME_DOMAINNAME 1
| #define HAVE_BGPD 1
| #define HAVE_MGMTD 1
| #define HAVE_RIPD 1
| #define HAVE_RIPNGD 1
| #define HAVE_OSPFD 1
| #define HAVE_OSPF6D 1
| #define HAVE_LDPD 1
| #define HAVE_NHRPD 1
| #define HAVE_EIGRPD 1
| #define HAVE_BABELD 1
| #define HAVE_ISISD 1
| #define HAVE_PIMD 1
| #define HAVE_PIM6D 1
| #define HAVE_PBRD 1
| #define HAVE_STATICD 1
| #define HAVE_FABRICD 1
| #define HAVE_VRRPD 1
| #define HAVE_BFDD 1
| #define BFD_LINUX 1
| #define HAVE_PATHD 1
| #define SUPPORT_OSPF_API 1
| #define DISABLE_BGP_ANNOUNCE 0
| #define ENABLE_BGP_VNC 1
| #define ENABLE_VERSION_BUILD_CONFIG 1
| #define HAVE_STRUCT_ND_OPT_ADV_INTERVAL 1
| #define HAVE_STRUCT_ND_OPT_ADV_INTERVAL 1
| #define HAVE_IP_PKTINFO 1
| #define HAVE_IP_FREEBIND 1
| #define HAVE_DECL_BE32ENC 0
| #define HAVE_DECL_BE32DEC 0
| #define HAVE_CLOCK_NANOSLEEP 1
| #define YYTEXT_POINTER 1
| #define HAVE_PR_SET_KEEPCAPS 1
| #define HAVE_SYS_CAPABILITY_H 1
| #define HAVE_LCAPS 1
| #define HAVE_CAPABILITIES 1
| #define HAVE_GLIBC_BACKTRACE 1
| #define HAVE_MALLOC_H 1
| #define HAVE_MALLINFO 1
| #define HAVE_MALLINFO2 1
| #define HAVE_MALLOC_USABLE_SIZE 1
| /* end confdefs.h.  */
| 
| /* Override any GCC internal prototype to avoid an error.
|    Use char because int might match the return type of a GCC
|    builtin and then its argument prototype would still apply.  */
| char CU_initialize_registry ();
| int
| main (void)
| {
| return CU_initialize_registry ();
|   ;
|   return 0;
| }
configure:34687: result: no
configure:34706: checking for valgrind
configure:34727: found /usr/bin/valgrind
configure:34738: result: yes
configure:35144: checking that generated files are newer than configure
configure:35150: result: done
configure:35393: creating ./config.status

## ---------------------- ##
## Running config.status. ##
## ---------------------- ##

This file was extended by frr config.status 10.6-dev, which was
generated by GNU Autoconf 2.71.  Invocation command line was

  CONFIG_FILES    = 
  CONFIG_HEADERS  = 
  CONFIG_LINKS    = 
  CONFIG_COMMANDS = 
  $ ./config.status 

on runsc

config.status:1513: creating Makefile
config.status:1513: creating config.version
config.status:1513: creating redhat/frr.spec
config.status:1513: creating alpine/APKBUILD
config.status:1513: creating snapcraft/snapcraft.yaml
config.status:1513: creating lib/version.h
config.status:1513: creating lib/config_paths.h
config.status:1513: creating tests/lib/cli/test_cli.refout
config.status:1513: creating pkgsrc/mgmtd.sh
config.status:1513: creating pkgsrc/bgpd.sh
config.status:1513: creating pkgsrc/ospf6d.sh
config.status:1513: creating pkgsrc/ospfd.sh
config.status:1513: creating pkgsrc/ripd.sh
config.status:1513: creating pkgsrc/ripngd.sh
config.status:1513: creating pkgsrc/zebra.sh
config.status:1513: creating pkgsrc/eigrpd.sh
config.status:1513: creating tools/frr
config.status:1513: creating tools/watchfrr.sh
config.status:1513: creating tools/frrinit.sh
config.status:1513: creating tools/frrcommon.sh
config.status:1513: creating tools/frr.service
config.status:1513: creating tools/frr@.service
config.status:1513: creating config.h
config.status:1727: executing depfiles commands
config.status:1804: cd .       && sed -e '/# am--include-marker/d' Makefile         | make -f - am--depfiles
config.status:1809: $? = 0
config.status:1727: executing libtool commands
patching file libtool
Hunk #1 succeeded at 9190 (offset 751 lines).
configure:37936: WARNING: sphinx is missing but required to build documentation
configure:37940: WARNING: pytest is missing, unit tests cannot be performed

## ---------------- ##
## Cache variables. ##
## ---------------- ##

ac_cv_build=x86_64-pc-linux-gnu
ac_cv_c_compiler_gnu=yes
ac_cv_cxx_compiler_gnu=yes
ac_cv_env_AR_set=
ac_cv_env_AR_value=
ac_cv_env_CARES_CFLAGS_set=
ac_cv_env_CARES_CFLAGS_value=
ac_cv_env_CARES_LIBS_set=
ac_cv_env_CARES_LIBS_value=
ac_cv_env_CCC_set=
ac_cv_env_CCC_value=
ac_cv_env_CC_set=
ac_cv_env_CC_value=
ac_cv_env_CFLAGS_set=
ac_cv_env_CFLAGS_value=
ac_cv_env_CPPFLAGS_set=set
ac_cv_env_CPPFLAGS_value=-I/root/.local/include
ac_cv_env_CPP_set=
ac_cv_env_CPP_value=
ac_cv_env_CXXCPP_set=
ac_cv_env_CXXCPP_value=
ac_cv_env_CXXFLAGS_set=
ac_cv_env_CXXFLAGS_value=
ac_cv_env_CXX_set=
ac_cv_env_CXX_value=
ac_cv_env_DPDK_CFLAGS_set=
ac_cv_env_DPDK_CFLAGS_value=
ac_cv_env_DPDK_LIBS_set=
ac_cv_env_DPDK_LIBS_value=
ac_cv_env_GRPC_CFLAGS_set=
ac_cv_env_GRPC_CFLAGS_value=
ac_cv_env_GRPC_LIBS_set=
ac_cv_env_GRPC_LIBS_value=
ac_cv_env_LDFLAGS_set=set
ac_cv_env_LDFLAGS_value=-L/root/.local/lib
ac_cv_env_LD_set=
ac_cv_env_LD_value=
ac_cv_env_LIBS_set=
ac_cv_env_LIBS_value=
ac_cv_env_LIBYANG_CFLAGS_set=
ac_cv_env_LIBYANG_CFLAGS_value=
ac_cv_env_LIBYANG_LIBS_set=
ac_cv_env_LIBYANG_LIBS_value=
ac_cv_env_LT_SYS_LIBRARY_PATH_set=
ac_cv_env_LT_SYS_LIBRARY_PATH_value=
ac_cv_env_LUA_CFLAGS_set=
ac_cv_env_LUA_CFLAGS_value=
ac_cv_env_LUA_INCLUDE_set=
ac_cv_env_LUA_INCLUDE_value=
ac_cv_env_LUA_LIBS_set=
ac_cv_env_LUA_LIBS_value=
ac_cv_env_LUA_LIB_set=
ac_cv_env_LUA_LIB_value=
ac_cv_env_LUA_set=
ac_cv_env_LUA_value=
ac_cv_env_OBJCOPY_set=
ac_cv_env_OBJCOPY_value=
ac_cv_env_OBJDUMP_set=
ac_cv_env_OBJDUMP_value=
ac_cv_env_PKG_CONFIG_LIBDIR_set=
ac_cv_env_PKG_CONFIG_LIBDIR_value=
ac_cv_env_PKG_CONFIG_PATH_set=set
ac_cv_env_PKG_CONFIG_PATH_value=/root/.local/lib/pkgconfig
ac_cv_env_PKG_CONFIG_set=
ac_cv_env_PKG_CONFIG_value=
ac_cv_env_PROTOBUF_C_CFLAGS_set=
ac_cv_env_PROTOBUF_C_CFLAGS_value=
ac_cv_env_PROTOBUF_C_LIBS_set=
ac_cv_env_PROTOBUF_C_LIBS_value=
ac_cv_env_PYTHON_CFLAGS_set=
ac_cv_env_PYTHON_CFLAGS_value=
ac_cv_env_PYTHON_LIBS_set=
ac_cv_env_PYTHON_LIBS_value=
ac_cv_env_PYTHON_set=
ac_cv_env_PYTHON_value=
ac_cv_env_RANLIB_set=
ac_cv_env_RANLIB_value=
ac_cv_env_RTRLIB_CFLAGS_set=
ac_cv_env_RTRLIB_CFLAGS_value=
ac_cv_env_RTRLIB_LIBS_set=
ac_cv_env_RTRLIB_LIBS_value=
ac_cv_env_SNMP_CFLAGS_set=
ac_cv_env_SNMP_CFLAGS_value=
ac_cv_env_SNMP_LIBS_set=
ac_cv_env_SNMP_LIBS_value=
ac_cv_env_SQLITE3_CFLAGS_set=
ac_cv_env_SQLITE3_CFLAGS_value=
ac_cv_env_SQLITE3_LIBS_set=
ac_cv_env_SQLITE3_LIBS_value=
ac_cv_env_STRIP_set=
ac_cv_env_STRIP_value=
ac_cv_env_SYSREPO_CFLAGS_set=
ac_cv_env_SYSREPO_CFLAGS_value=
ac_cv_env_SYSREPO_LIBS_set=
ac_cv_env_SYSREPO_LIBS_value=
ac_cv_env_UNWIND_CFLAGS_set=
ac_cv_env_UNWIND_CFLAGS_value=
ac_cv_env_UNWIND_LIBS_set=
ac_cv_env_UNWIND_LIBS_value=
ac_cv_env_UST_CFLAGS_set=
ac_cv_env_UST_CFLAGS_value=
ac_cv_env_UST_LIBS_set=
ac_cv_env_UST_LIBS_value=
ac_cv_env_YACC_set=
ac_cv_env_YACC_value=
ac_cv_env_YFLAGS_set=
ac_cv_env_YFLAGS_value=
ac_cv_env_ZEROMQ_CFLAGS_set=
ac_cv_env_ZEROMQ_CFLAGS_value=
ac_cv_env_ZEROMQ_LIBS_set=
ac_cv_env_ZEROMQ_LIBS_value=
ac_cv_env_build_alias_set=
ac_cv_env_build_alias_value=
ac_cv_env_host_alias_set=
ac_cv_env_host_alias_value=
ac_cv_env_target_alias_set=
ac_cv_env_target_alias_value=
ac_cv_func_explicit_bzero=yes
ac_cv_func_getgrouplist=yes
ac_cv_func_getloadavg=yes
ac_cv_func_openat=yes
ac_cv_func_posix_fallocate=yes
ac_cv_func_pthread_getthreadid_np=no
ac_cv_func_pthread_set_name_np=no
ac_cv_func_pthread_setname_np=yes
ac_cv_func_sendmmsg=yes
ac_cv_func_strlcat=yes
ac_cv_func_strlcpy=yes
ac_cv_func_unlinkat=yes
ac_cv_have_decl_be32dec=no
ac_cv_have_decl_be32enc=no
ac_cv_header_asm_types_h=yes
ac_cv_header_dlfcn_h=yes
ac_cv_header_endian_h=yes
ac_cv_header_execinfo_h=yes
ac_cv_header_gelf_h=yes
ac_cv_header_inttypes_h=yes
ac_cv_header_libunwind_h=no
ac_cv_header_malloc_h=yes
ac_cv_header_malloc_malloc_h=no
ac_cv_header_malloc_np_h=no
ac_cv_header_minix_config_h=no
ac_cv_header_netinet6_nd6_h=no
ac_cv_header_netinet_in_var_h=no
ac_cv_header_netinet_ip_icmp_h=yes
ac_cv_header_pthread_np_h=no
ac_cv_header_stdatomic_h=yes
ac_cv_header_stdint_h=yes
ac_cv_header_stdio_h=yes
ac_cv_header_stdlib_h=yes
ac_cv_header_string_h=yes
ac_cv_header_strings_h=yes
ac_cv_header_sys_capability_h=yes
ac_cv_header_sys_endian_h=no
ac_cv_header_sys_stat_h=yes
ac_cv_header_sys_types_h=yes
ac_cv_header_ucontext_h=yes
ac_cv_header_unistd_h=yes
ac_cv_header_wchar_h=yes
ac_cv_host=x86_64-pc-linux-gnu
ac_cv_lib_atomic_main=yes
ac_cv_lib_cap_cap_init=yes
ac_cv_lib_cunit_CU_initialize_registry=no
ac_cv_lib_elf_elf_getdata_rawchunk=yes
ac_cv_lib_elf_elf_memory=yes
ac_cv_lib_elf_gelf_getnote=yes
ac_cv_lib_lex='none needed'
ac_cv_lib_rt_clock_gettime=yes
ac_cv_member_struct_mmsghdr_msg_hdr=yes
ac_cv_member_struct_nd_opt_adv_interval_nd_opt_ai_type=no
ac_cv_member_struct_sockaddr_dl_sdl_len=no
ac_cv_member_struct_sockaddr_in_sin_len=no
ac_cv_member_struct_sockaddr_sa_len=no
ac_cv_member_struct_sockaddr_un_sun_len=no
ac_cv_member_struct_utsname_domainname=yes
ac_cv_member_ucontext_t_uc_mcontext_gregs=yes
ac_cv_member_ucontext_t_uc_mcontext_regs=no
ac_cv_member_ucontext_t_uc_mcontext_uc_regs=no
ac_cv_objext=o
ac_cv_path_EGREP=/usr/bin/egrep
ac_cv_path_FGREP=/usr/bin/fgrep
ac_cv_path_PERL=/usr/bin/perl
ac_cv_path_PYTHON=/usr/local/bin/python
ac_cv_path_SED=sed
ac_cv_path_ac_pt_PKG_CONFIG=/usr/bin/pkg-config
ac_cv_path_install='/usr/bin/install -c'
ac_cv_path_lt_DD=/usr/bin/dd
ac_cv_path_mkdir=/usr/bin/mkdir
ac_cv_prog_AWK=mawk
ac_cv_prog_CPP='gcc -E'
ac_cv_prog_CXXCPP='g++ -E'
ac_cv_prog_LEX=flex
ac_cv_prog_VALGRIND_CHECK=yes
ac_cv_prog_YACC='bison -y'
ac_cv_prog_ac_ct_AR=ar
ac_cv_prog_ac_ct_CC=gcc
ac_cv_prog_ac_ct_CXX=g++
ac_cv_prog_ac_ct_FILECMD=file
ac_cv_prog_ac_ct_OBJCOPY=objcopy
ac_cv_prog_ac_ct_OBJDUMP=objdump
ac_cv_prog_ac_ct_RANLIB=ranlib
ac_cv_prog_ac_ct_STRIP=strip
ac_cv_prog_cc_c11=
ac_cv_prog_cc_g=yes
ac_cv_prog_cc_stdc=
ac_cv_prog_cxx_cxx11=
ac_cv_prog_cxx_g=yes
ac_cv_prog_cxx_stdcxx=
ac_cv_prog_lex_root=lex.yy
ac_cv_prog_lex_yytext_pointer=yes
ac_cv_prog_make_make_set=yes
ac_cv_safe_to_define___extensions__=yes
ac_cv_search_backtrace='none required'
ac_cv_search_clock_nanosleep='none required'
ac_cv_should_define__xopen_source=no
ac_cv_sys_file_offset_bits=no
ac_cv_sys_largefile_CC=no
ac_cv_type_struct_ifaliasreq=no
ac_cv_type_struct_igmpmsg=no
ac_cv_type_struct_mfcctl=no
ac_cv_type_struct_nd_opt_adv_interval=yes
ac_cv_type_struct_nd_opt_dnssl=no
ac_cv_type_struct_nd_opt_homeagent_info=no
ac_cv_type_struct_nd_opt_rdnss=no
ac_cv_type_struct_sioc_sg_req=no
ac_cv_type_struct_sioc_vif_req=no
ac_cv_type_struct_sockaddr_dl=no
ac_cv_type_struct_vifctl=no
ac_cv_type_vifi_t=no
am_cv_CC_dependencies_compiler_type=gcc3
am_cv_CXX_dependencies_compiler_type=gcc3
am_cv_make_support_nested_variables=yes
am_cv_pathless_PYTHON=python
am_cv_prog_cc_c_o=yes
am_cv_python_platform=linux
am_cv_python_pyexecdir='${PYTHON_EXEC_PREFIX}/lib/python3.11/site-packages'
am_cv_python_pythondir='${PYTHON_PREFIX}/lib/python3.11/site-packages'
am_cv_python_version=3.11
ax_cv_PTHREAD_PRIO_INHERIT=yes
frr_cv_O=yes
frr_cv_Waddressofpackedmember=yes
frr_cv_Wall=yes
frr_cv_Wbadfunctioncast=yes
frr_cv_Wccompat=yes
frr_cv_Wextra=yes
frr_cv_Wformatextraargs=yes
frr_cv_Wformatnonliteral=yes
frr_cv_Wformatsecurity=yes
frr_cv_Wimplicitfallthrough=yes
frr_cv_Wmissingdeclarations=yes
frr_cv_Wmissingnoreturn=yes
frr_cv_Wmissingprototypes=yes
frr_cv_Wnoerror_deprecateddeclarations=yes
frr_cv_Wnomicrosoftanontag=no
frr_cv_Wnomissingfieldinitializers=yes
frr_cv_Wnounusedparameter=yes
frr_cv_Wnounusedresult=yes
frr_cv_Wpointerarith=yes
frr_cv_Wshadow=yes
frr_cv_Wstrictprototypes=yes
frr_cv_Wswitchenum=yes
frr_cv_Wundef=yes
frr_cv_Wwritestrings=yes
frr_cv_fmsextensions=yes
frr_cv_fnoomitframepointer=yes
frr_cv_fplugin_frrformat=no
frr_cv_fplugin_toolsgccpluginsfrrformatso=no
frr_cv_funwindtables=yes
frr_cv_g=yes
frr_cv_interp=/lib64/ld-linux-x86-64.so.2
frr_cv_mallinfo2=yes
frr_cv_mallinfo=yes
frr_cv_python=python3
lt_cv_ar_at_file=@
lt_cv_archive_cmds_need_lc=no
lt_cv_deplibs_check_method=pass_all
lt_cv_file_magic_cmd='$MAGIC_CMD'
lt_cv_file_magic_test_file=
lt_cv_ld_reload_flag=-r
lt_cv_nm_interface='BSD nm'
lt_cv_objdir=.libs
lt_cv_path_LD=/usr/bin/ld
lt_cv_path_LDCXX='/usr/bin/ld -m elf_x86_64'
lt_cv_path_NM='/usr/bin/nm -B'
lt_cv_path_mainfest_tool=no
lt_cv_prog_compiler_c_o=yes
lt_cv_prog_compiler_c_o_CXX=yes
lt_cv_prog_compiler_pic='-fPIC -DPIC'
lt_cv_prog_compiler_pic_CXX='-fPIC -DPIC'
lt_cv_prog_compiler_pic_works=yes
lt_cv_prog_compiler_pic_works_CXX=yes
lt_cv_prog_compiler_rtti_exceptions=no
lt_cv_prog_compiler_static_works=yes
lt_cv_prog_compiler_static_works_CXX=yes
lt_cv_prog_gnu_ld=yes
lt_cv_prog_gnu_ldcxx=yes
lt_cv_sharedlib_from_linklib_cmd='printf %s\n'
lt_cv_shlibpath_overrides_runpath=yes
lt_cv_sys_global_symbol_pipe='sed -n -e '\''s/^.*[	 ]\([ABCDGIRSTW][ABCDGIRSTW]*\)[	 ][	 ]*\([_A-Za-z][_A-Za-z0-9]*\)$/\1 \2 \2/p'\'' | sed '\''/ __gnu_lto/d'\'''
lt_cv_sys_global_symbol_to_c_name_address='sed -n -e '\''s/^: \(.*\) .*$/  {"\1", (void *) 0},/p'\'' -e '\''s/^[ABCDGIRSTW][ABCDGIRSTW]* .* \(.*\)$/  {"\1", (void *) \&\1},/p'\'''
lt_cv_sys_global_symbol_to_c_name_address_lib_prefix='sed -n -e '\''s/^: \(.*\) .*$/  {"\1", (void *) 0},/p'\'' -e '\''s/^[ABCDGIRSTW][ABCDGIRSTW]* .* \(lib.*\)$/  {"\1", (void *) \&\1},/p'\'' -e '\''s/^[ABCDGIRSTW][ABCDGIRSTW]* .* \(.*\)$/  {"lib\1", (void *) \&\1},/p'\'''
lt_cv_sys_global_symbol_to_cdecl='sed -n -e '\''s/^T .* \(.*\)$/extern int \1();/p'\'' -e '\''s/^[ABCDGIRSTW][ABCDGIRSTW]* .* \(.*\)$/extern char \1;/p'\'''
lt_cv_sys_global_symbol_to_import=
lt_cv_sys_max_cmd_len=1572864
lt_cv_to_host_file_cmd=func_convert_file_noop
lt_cv_to_tool_file_cmd=func_convert_file_noop
lt_cv_truncate_bin='/usr/bin/dd bs=4096 count=1'
pkg_cv_CARES_CFLAGS=
pkg_cv_CARES_LIBS='-lcares '

## ----------------- ##
## Output variables. ##
## ----------------- ##

ACLOCAL='${SHELL} '\''/home/user/frr/m4/ac/missing'\'' aclocal-1.16'
AC_CFLAGS=' -fms-extensions -fno-omit-frame-pointer -funwind-tables -Wall -Wextra -Wformat-nonliteral -Wformat-security -Wswitch-enum -Wstrict-prototypes -Wmissing-prototypes -Wmissing-declarations -Wpointer-arith -Wbad-function-cast -Wwrite-strings -Wundef -Wimplicit-fallthrough -Wshadow -Wmissing-noreturn -Wformat-extra-args -Wno-unused-result -Wno-unused-parameter -Wno-missing-field-initializers -Wno-error=deprecated-declarations -Waddress-of-packed-member '
AC_LDFLAGS=''
AC_LDFLAGS_EXEC=''
AMDEPBACKSLASH='\'
AMDEP_FALSE='#'
AMDEP_TRUE=''
AMTAR='$${TAR-tar}'
AM_BACKSLASH='\'
AM_DEFAULT_V='$(AM_DEFAULT_VERBOSITY)'
AM_DEFAULT_VERBOSITY='0'
AM_V='$(V)'
AR='ar'
ARFLAGS='crD'
AR_FLAGS='crD'
AUTOCONF='${SHELL} '\''/home/user/frr/m4/ac/missing'\'' autoconf'
AUTOHEADER='${SHELL} '\''/home/user/frr/m4/ac/missing'\'' autoheader'
AUTOMAKE='${SHELL} '\''/home/user/frr/m4/ac/missing'\'' automake-1.16'
AWK='mawk'
BABELD_FALSE='#'
BABELD_TRUE=''
BFDD_FALSE='#'
BFDD_TRUE=''
BGPD_FALSE='#'
BGPD_TRUE=''
BGP_BMP_FALSE='#'
BGP_BMP_TRUE=''
BISON_CLOSEBRACE='}'
BISON_OPENBRACE='{'
BISON_VERBOSE='-Dparse.error=verbose -Wno-yacc'
BUILD_CLIPPY_FALSE='#'
BUILD_CLIPPY_TRUE=''
CARES_CFLAGS=''
CARES_FALSE='#'
CARES_LIBS='-lcares '
CARES_TRUE=''
CC='gcc'
CCDEPMODE='depmode=gcc3'
CFLAGS=' -g -O2'
CLIPPY='lib/clippy$(EXEEXT)'
CONFDATE='20251106'
CONFIG_ARGS=''\''--enable-clippy-only'\'' '\''PKG_CONFIG_PATH=/root/.local/lib/pkgconfig'\'''
CPP='gcc -E'
CPPFLAGS='-I/root/.local/include'
CSCOPE='cscope'
CTAGS='ctags'
CXX='g++'
CXXCPP='g++ -E'
CXXDEPMODE='depmode=gcc3'
CXXFLAGS=''
CXX_COMPAT_CFLAGS='-Wc++-compat'
CYGPATH_W='echo'
DEFS='-DHAVE_CONFIG_H'
DEPDIR='.deps'
DEV_BUILD_FALSE=''
DEV_BUILD_TRUE='#'
DFLT_NAME='traditional'
DLLTOOL='false'
DOC_FALSE=''
DOC_HTML_FALSE=''
DOC_HTML_TRUE='#'
DOC_TRUE='#'
DPDK_CFLAGS=''
DPDK_LIBS=''
DP_DPDK_FALSE=''
DP_DPDK_TRUE='#'
DSYMUTIL=''
DUMPBIN=''
ECHO_C=''
ECHO_N='-n'
ECHO_T=''
EGREP='/usr/bin/egrep'
EIGRPD_FALSE='#'
EIGRPD_TRUE=''
ENABLE_BGP_VNC_FALSE='#'
ENABLE_BGP_VNC_TRUE=''
ETAGS='etags'
EXEEXT=''
EXTRAVERSION=''
FABRICD_FALSE='#'
FABRICD_TRUE=''
FGREP='/usr/bin/fgrep'
FILECMD='file'
FPM_FALSE=''
FPM_LISTENER_FALSE=''
FPM_LISTENER_TRUE='#'
FPM_TRUE='#'
GIT_VERSION_FALSE=''
GIT_VERSION_TRUE='#'
GREP='grep'
GRPC_CFLAGS=''
GRPC_FALSE=''
GRPC_LIBS=''
GRPC_TRUE='#'
HAVE_GCOV_FALSE='#'
HAVE_GCOV_TRUE=''
HAVE_LIBPCRE2_POSIX=''
HAVE_LIBPCREPOSIX=''
HAVE_PROTOBUF3_FALSE='#'
HAVE_PROTOBUF3_TRUE=''
HAVE_PROTOBUF_FALSE='#'
HAVE_PROTOBUF_TRUE=''
HAVE_VALGRIND_PCEP_FALSE='#'
HAVE_VALGRIND_PCEP_TRUE=''
HOSTTOOLS_CLIPPY_FALSE=''
HOSTTOOLS_CLIPPY_TRUE='#'
INSTALL_DATA='${INSTALL} -m 644'
INSTALL_PROGRAM='${INSTALL}'
INSTALL_SCRIPT='${INSTALL}'
INSTALL_STRIP_PROGRAM='$(install_sh) -c -s'
ISISD_FALSE='#'
ISISD_TRUE=''
LD='/usr/bin/ld -m elf_x86_64'
LDFLAGS='-L/root/.local/lib -g'
LDPD_FALSE='#'
LDPD_TRUE=''
LEX='flex'
LEXLIB=''
LEX_OUTPUT_ROOT='lex.yy'
LIBCAP='-lcap'
LIBCRYPT=''
LIBDL=''
LIBM=''
LIBOBJS=''
LIBPAM=''
LIBREADLINE=''
LIBS='  -latomic -lrt'
LIBTOOL='$(SHELL) $(top_builddir)/libtool'
LIBYANG_CFLAGS=''
LIBYANG_LIBS=''
LINUX_FALSE='#'
LINUX_TRUE=''
LIPO=''
LN_S='ln -s'
LTLIBOBJS=''
LT_SYS_LIBRARY_PATH=''
LUA=''
LUA_CFLAGS=''
LUA_EXEC_PREFIX=''
LUA_INCLUDE=''
LUA_LIB=''
LUA_LIBS=''
LUA_PLATFORM=''
LUA_PREFIX=''
LUA_SHORT_VERSION=''
LUA_VERSION=''
MAKEINFO='${SHELL} '\''/home/user/frr/m4/ac/missing'\'' makeinfo'
MANIFEST_TOOL=':'
MGMTD_FALSE='#'
MGMTD_TESTC_FALSE=''
MGMTD_TESTC_TRUE='#'
MGMTD_TRUE=''
MKDIR_P='/usr/bin/mkdir -p'
NETLINK_DEBUG_FALSE='#'
NETLINK_DEBUG_TRUE=''
NETSNMP_CONFIG=''
NHRPD_FALSE='#'
NHRPD_TRUE=''
NM='/usr/bin/nm -B'
NMEDIT=''
OBJCOPY='objcopy'
OBJDUMP='objdump'
OBJEXT='o'
ONLY_CLIPPY_FALSE='#'
ONLY_CLIPPY_TRUE=''
OSPF6D_FALSE='#'
OSPF6D_TRUE=''
OSPFCLIENT_FALSE='#'
OSPFCLIENT_TRUE=''
OSPFD_FALSE='#'
OSPFD_TRUE=''
OTOOL64=''
OTOOL=''
PACKAGE='frr'
PACKAGE_BUGREPORT='https://github.com/frrouting/frr/issues'
PACKAGE_EXTRAVERSION=''
PACKAGE_FULLNAME='FRRouting'
PACKAGE_NAME='frr'
PACKAGE_STRING='frr 10.6-dev'
PACKAGE_TARNAME='frr'
PACKAGE_URL='https://frrouting.org/'
PACKAGE_VERSION='10.6-dev'
PATHD_FALSE='#'
PATHD_PCEP_FALSE='#'
PATHD_PCEP_INCL='-I./pceplib '
PATHD_PCEP_LIBS='pceplib/libpcep_pcc.la'
PATHD_PCEP_TEST_FALSE=''
PATHD_PCEP_TEST_TRUE='#'
PATHD_PCEP_TRUE=''
PATHD_TRUE=''
PATH_SEPARATOR=':'
PBRD_FALSE='#'
PBRD_TRUE=''
PERL='/usr/bin/perl'
PIM6D_FALSE='#'
PIM6D_TRUE=''
PIMD_FALSE='#'
PIMD_TRUE=''
PKGSRC_FALSE=''
PKGSRC_TRUE='#'
PKG_CONFIG='/usr/bin/pkg-config'
PKG_CONFIG_LIBDIR=''
PKG_CONFIG_PATH='/root/.local/lib/pkgconfig'
PROTOBUF_C_CFLAGS=''
PROTOBUF_C_LIBS=''
PROTOC=''
PROTOC_C=''
PTHREAD_CC='gcc'
PTHREAD_CFLAGS=''
PTHREAD_LIBS=''
PYSPHINX='-c '\''import sys; from sphinx import main; sys.exit(main(sys.argv))'\'''
PYTHON='/usr/local/bin/python'
PYTHON_CFLAGS='-I/usr/include/python3.11 -I/usr/include/python3.11'
PYTHON_EXEC_PREFIX='${exec_prefix}'
PYTHON_LIBS='-L/usr/lib/python3.11/config-3.11-x86_64-linux-gnu -L/usr/lib/x86_64-linux-gnu -lpython3.11 -ldl  -lm '
PYTHON_PLATFORM='linux'
PYTHON_PREFIX='${prefix}'
PYTHON_RUNTIME_DEPENDENCY_FALSE='#'
PYTHON_RUNTIME_DEPENDENCY_TRUE=''
PYTHON_VERSION='3.11'
RANLIB='ranlib -D'
RIPD_FALSE='#'
RIPD_TRUE=''
RIPNGD_FALSE='#'
RIPNGD_TRUE=''
RPKI_FALSE=''
RPKI_TRUE='#'
RTRLIB_CFLAGS=''
RTRLIB_LIBS=''
SAN_FLAGS=''
SCRIPTING_FALSE=''
SCRIPTING_TRUE='#'
SED='sed'
SET_MAKE=''
SHARPD_FALSE=''
SHARPD_TRUE='#'
SHELL='/bin/bash'
SNMP_CFLAGS=''
SNMP_FALSE='#'
SNMP_LIBS=''
SNMP_TRUE=''
SQLITE3_CFLAGS=''
SQLITE3_FALSE='#'
SQLITE3_LIBS=''
SQLITE3_TRUE=''
STATICD_FALSE='#'
STATICD_TRUE=''
STATIC_BIN_FALSE=''
STATIC_BIN_TRUE='#'
STRIP='strip'
SUPPORT_REALMS_FALSE=''
SUPPORT_REALMS_TRUE='#'
SYSREPO_CFLAGS=''
SYSREPO_FALSE=''
SYSREPO_LIBS=''
SYSREPO_TRUE='#'
TIMEOUT_MIN='2'
UNWIND_CFLAGS=''
UNWIND_LIBS=''
UST_CFLAGS=''
UST_LIBS=''
VALGRIND_CHECK='yes'
VERSION='10.6-dev'
VRRPD_FALSE='#'
VRRPD_TRUE=''
VTYSH_FALSE=''
VTYSH_TRUE='#'
WATCHFRR_FALSE='#'
WATCHFRR_TRUE=''
WERROR=''
YACC='bison -y'
YFLAGS=''
ZEBRA_FALSE='#'
ZEBRA_TRUE=''
ZEROMQ_CFLAGS=''
ZEROMQ_FALSE=''
ZEROMQ_LIBS=''
ZEROMQ_TRUE='#'
ac_ct_AR='ar'
ac_ct_CC='gcc'
ac_ct_CXX='g++'
ac_ct_DUMPBIN=''
am__EXEEXT_FALSE=''
am__EXEEXT_TRUE='#'
am__fastdepCC_FALSE='#'
am__fastdepCC_TRUE=''
am__fastdepCXX_FALSE='#'
am__fastdepCXX_TRUE=''
am__include='include'
am__isrc=' -I$(srcdir)'
am__leading_dot='.'
am__nodep='_no'
am__quote=''
am__tar='$${TAR-tar} chof - "$$tardir"'
am__untar='$${TAR-tar} xf -'
ax_pthread_config=''
bindir='${exec_prefix}/bin'
build='x86_64-pc-linux-gnu'
build_alias=''
build_cpu='x86_64'
build_os='linux-gnu'
build_vendor='pc'
datadir='${datarootdir}'
datarootdir='${prefix}/share'
docdir='${datarootdir}/doc/${PACKAGE_TARNAME}'
dvidir='${docdir}'
e_bindir='/usr/local/bin'
e_frr_libstatedir='/usr/local/var/lib/frr'
e_frr_runstatedir='/usr/local/var/run/frr'
e_frr_sysconfdir='/usr/local/etc/frr'
e_moduledir='/usr/local/lib/frr/modules'
e_sbindir='/usr/local/sbin'
e_scriptdir='/usr/local/etc/frr/scripts'
e_vtysh_bin='/usr/local/bin/vtysh'
e_watchfrr_sh='/usr/local/sbin/watchfrr.sh'
e_yangmodelsdir='/usr/local/share/yang'
enable_configfile_mask='0600'
enable_group='frr'
enable_user='frr'
enable_vty_group=''
exec_prefix='${prefix}'
host='x86_64-pc-linux-gnu'
host_alias=''
host_cpu='x86_64'
host_os='linux-gnu'
host_vendor='pc'
htmldir='${docdir}'
includedir='${prefix}/include'
infodir='${datarootdir}/info'
install_sh='${SHELL} /home/user/frr/m4/ac/install-sh'
libdir='${exec_prefix}/lib'
libexecdir='${exec_prefix}/libexec'
localedir='${datarootdir}/locale'
localstatedir='${prefix}/var'
luadir=''
luaexecdir=''
mandir='${datarootdir}/man'
mkdir_p='$(MKDIR_P)'
moduledir='${libdir}/frr/modules'
oldincludedir='/usr/include'
pdfdir='${docdir}'
pkgluadir=''
pkgluaexecdir=''
pkgpyexecdir='${pyexecdir}/frr'
pkgpythondir='${pythondir}/frr'
pkgsrcrcdir=''
prefix='/usr/local'
program_transform_name='s,x,x,'
psdir='${docdir}'
pyexecdir='${PYTHON_EXEC_PREFIX}/lib/python3.11/site-packages'
pythondir='${PYTHON_PREFIX}/lib/python3.11/site-packages'
runstatedir='${localstatedir}/run'
sbindir='${exec_prefix}/sbin'
scriptdir='${frr_sysconfdir}/scripts'
sharedstatedir='${prefix}/com'
sysconfdir='${prefix}/etc'
target_alias=''
yangmodelsdir='${datarootdir}/yang'

## ----------- ##
## confdefs.h. ##
## ----------- ##

/* confdefs.h */
#define PACKAGE_NAME "frr"
#define PACKAGE_TARNAME "frr"
#define PACKAGE_VERSION "10.6-dev"
#define PACKAGE_STRING "frr 10.6-dev"
#define PACKAGE_BUGREPORT "https://github.com/frrouting/frr/issues"
#define PACKAGE_URL ""
#define PACKAGE "frr"
#define VERSION "10.6-dev"
#define VICI_SOCKET "/var/run/charon.vici"
#define HAVE_STDIO_H 1
#define HAVE_STDLIB_H 1
#define HAVE_STRING_H 1
#define HAVE_INTTYPES_H 1
#define HAVE_STDINT_H 1
#define HAVE_STRINGS_H 1
#define HAVE_SYS_STAT_H 1
#define HAVE_SYS_TYPES_H 1
#define HAVE_UNISTD_H 1
#define HAVE_WCHAR_H 1
#define STDC_HEADERS 1
#define _ALL_SOURCE 1
#define _DARWIN_C_SOURCE 1
#define _GNU_SOURCE 1
#define _HPUX_ALT_XOPEN_SOCKET_API 1
#define _NETBSD_SOURCE 1
#define _OPENBSD_SOURCE 1
#define _POSIX_PTHREAD_SEMANTICS 1
#define __STDC_WANT_IEC_60559_ATTRIBS_EXT__ 1
#define __STDC_WANT_IEC_60559_BFP_EXT__ 1
#define __STDC_WANT_IEC_60559_DFP_EXT__ 1
#define __STDC_WANT_IEC_60559_FUNCS_EXT__ 1
#define __STDC_WANT_IEC_60559_TYPES_EXT__ 1
#define __STDC_WANT_LIB_EXT2__ 1
#define __STDC_WANT_MATH_SPEC_FUNCS__ 1
#define _TANDEM_SOURCE 1
#define __EXTENSIONS__ 1
#define HAVE_PTHREAD_PRIO_INHERIT 1
#define HAVE_PTHREAD_SETNAME_NP 1
#define HAVE_DLFCN_H 1
#define LT_OBJDIR ".libs/"
#define CRYPTO_INTERNAL 1
#define NETLINK_DEBUG 1
#define DFLT_NAME "traditional"
#define HAVE_LIBELF 1
#define HAVE_ELF_GETDATA_RAWCHUNK 1
#define HAVE_GELF_GETNOTE 1
#define FRR_USER "frr"
#define FRR_GROUP "frr"
#define CONFIGFILE_MASK 0600
#define LOGFILE_MASK 0600
#define MULTIPATH_NUM 16
#define LOG_TIMESTAMP_PRECISION 0
#define VTYSH_PAGER "more"
#define INTERP "/lib64/ld-linux-x86-64.so.2"
#define HAVE_ASM_TYPES_H 1
#define HAVE_STDATOMIC_H 1
#define HAVE_SYNC_LINUX_FUTEX /**/
#define HAVE_NETINET_IP_ICMP_H 1
#define HAVE_UCONTEXT_H 1
#define HAVE_UCONTEXT_T_UC_MCONTEXT_GREGS 1
#define GNU_LINUX 1
#define HAVE_NETLINK 1
#define LINUX_IPV6 1
#define IPV6_MINHOPCOUNT 73
#define HAVE_STRLCAT 1
#define HAVE_STRLCPY 1
#define HAVE_GETGROUPLIST 1
#define HAVE_GETLOADAVG 1
#define HAVE_OPENAT 1
#define HAVE_UNLINKAT 1
#define HAVE_POSIX_FALLOCATE 1
#define HAVE_SENDMMSG 1
#define HAVE_EXPLICIT_BZERO 1
#define HAVE_STRUCT_MMSGHDR_MSG_HDR 1
#define HAVE_STRUCT_UTSNAME_DOMAINNAME 1
#define HAVE_BGPD 1
#define HAVE_MGMTD 1
#define HAVE_RIPD 1
#define HAVE_RIPNGD 1
#define HAVE_OSPFD 1
#define HAVE_OSPF6D 1
#define HAVE_LDPD 1
#define HAVE_NHRPD 1
#define HAVE_EIGRPD 1
#define HAVE_BABELD 1
#define HAVE_ISISD 1
#define HAVE_PIMD 1
#define HAVE_PIM6D 1
#define HAVE_PBRD 1
#define HAVE_STATICD 1
#define HAVE_FABRICD 1
#define HAVE_VRRPD 1
#define HAVE_BFDD 1
#define BFD_LINUX 1
#define HAVE_PATHD 1
#define SUPPORT_OSPF_API 1
#define DISABLE_BGP_ANNOUNCE 0
#define ENABLE_BGP_VNC 1
#define ENABLE_VERSION_BUILD_CONFIG 1
#define HAVE_STRUCT_ND_OPT_ADV_INTERVAL 1
#define HAVE_STRUCT_ND_OPT_ADV_INTERVAL 1
#define HAVE_IP_PKTINFO 1
#define HAVE_IP_FREEBIND 1
#define HAVE_DECL_BE32ENC 0
#define HAVE_DECL_BE32DEC 0
#define HAVE_CLOCK_NANOSLEEP 1
#define YYTEXT_POINTER 1
#define HAVE_PR_SET_KEEPCAPS 1
#define HAVE_SYS_CAPABILITY_H 1
#define HAVE_LCAPS 1
#define HAVE_CAPABILITIES 1
#define HAVE_GLIBC_BACKTRACE 1
#define HAVE_MALLOC_H 1
#define HAVE_MALLINFO 1
#define HAVE_MALLINFO2 1
#define HAVE_MALLOC_USABLE_SIZE 1

configure: exit 0
